File output_ga/all/ga_setpack_superheavy_10_log,csv
elapsed_time;max_gen_reached
263,243180;False
corr_threshold;cxpb;db;divfac;divstep;elsize;k;lang;max_no_improv;maxs;metric;mincxpb;mins;mutpb;muttype;ngen;pltfile;pltvar;pop;save_log;seed;selec;toursize;verbose;wo
0,7;0,8;all;0,5;0,1;0,5;10;pt;0,2;36;sc;0,8;3;0,02;0,0;300;None;False;50;True;-1;bin;0,2;True;False
Solutions
evaluation;kills;deaths;assists;denies;gold_per_min;xp_per_min;hero_damage;hero_healing;last_hits;firstblood_claimed;obs_placed;rune_pickups;sen_placed;teamfight_participation;tower_damage;towers_killed;neutral_kills;tower_kills;lane_kills;roshan_kills;necronomicon_kills;courier_kills;observer_kills;sentry_kills;ancient_kills;camps_stacked;gold_spent;pings;roshans_killed;stuns;buyback_count;observer_uses;sentry_uses;lane_efficiency;purchase_tpscroll;actions_per_min;origin;generation
0,143403;1;1;1;0;0;0;0;1;1;1;0;1;0;0;0;0;1;0;0;0;1;1;1;0;0;1;0;1;1;0;1;1;0;0;0;0;initial;0
0,047666;0;1;0;0;0;0;0;1;0;0;1;0;0;0;0;0;0;0;0;0;0;0;0;0;1;0;0;0;0;0;0;0;0;0;0;0;initial;0
0,153899;1;1;1;0;0;0;0;1;1;1;0;0;0;0;0;0;0;0;0;0;1;1;0;1;1;1;0;1;0;0;0;1;0;1;0;0;initial;0
0,137690;0;0;0;0;0;1;0;1;0;1;0;0;1;1;0;0;0;1;0;0;1;1;0;1;0;1;0;0;0;0;0;0;0;0;0;0;initial;0
0,155339;1;1;1;1;0;0;0;1;0;1;0;0;1;0;0;0;0;0;0;0;1;1;1;0;1;1;0;1;0;1;0;0;0;0;0;1;initial;0
0,139916;0;1;1;1;0;0;1;1;0;1;0;0;0;0;0;0;0;0;1;1;1;1;0;1;0;1;0;1;0;1;0;0;1;0;0;0;initial;0
0,150722;0;1;1;0;0;1;0;1;0;1;1;0;0;0;0;0;0;0;0;1;1;1;1;0;0;1;0;1;0;0;0;0;0;1;0;0;initial;0
0,083952;0;1;1;0;0;0;1;0;0;1;0;0;0;0;0;0;0;0;0;0;1;1;1;0;0;1;1;0;1;0;0;1;0;0;0;0;initial;0
-0,074237;0;0;0;0;0;0;0;0;1;1;0;0;0;0;0;0;0;1;0;0;0;0;0;0;0;0;0;0;0;0;0;0;1;0;1;0;initial;0
0,141934;1;1;1;1;0;0;0;1;0;1;0;0;1;0;0;0;0;0;1;0;1;1;0;1;0;1;0;1;1;0;1;0;0;0;0;0;initial;0
0,112606;1;1;1;1;0;0;0;1;0;1;0;0;0;0;0;0;0;1;0;0;1;1;1;0;0;1;0;1;0;0;1;1;0;0;0;1;initial;0
0,137458;0;1;1;0;0;1;0;0;0;0;0;0;0;0;0;0;0;0;0;0;0;0;1;0;0;0;0;0;0;1;0;1;0;0;0;0;initial;0
-0,243735;0;0;0;0;0;0;0;1;0;0;0;0;0;0;0;0;0;0;0;0;0;0;1;0;0;1;0;1;0;0;0;0;0;0;0;1;initial;0
0,116694;1;1;1;1;0;0;0;1;0;1;0;1;0;0;0;0;0;1;0;0;1;1;0;1;0;1;0;1;0;0;1;1;0;0;0;0;initial;0
0,118158;1;1;1;0;0;0;0;1;1;1;0;1;0;0;0;0;0;1;0;0;1;1;0;1;0;1;0;1;0;0;1;0;1;0;0;0;initial;0
-0,001536;1;0;0;0;0;0;0;1;1;1;0;0;0;0;0;0;0;1;0;0;0;1;0;0;0;1;0;1;0;0;0;1;0;0;1;0;initial;0
-0,063809;1;0;0;0;0;0;0;0;0;0;0;0;0;0;0;0;0;0;0;1;1;1;0;0;0;1;0;0;0;0;0;0;0;1;0;0;initial;0
0,117869;0;1;1;1;0;0;1;1;0;1;1;1;0;0;1;0;0;0;0;0;1;1;1;0;0;1;0;1;0;0;1;0;0;0;0;0;initial;0
0,147332;1;1;1;1;0;0;0;1;0;1;0;0;0;0;0;0;0;0;1;0;1;1;1;0;0;1;0;1;1;1;0;1;0;0;0;0;initial;0
0,158456;0;1;1;0;1;0;0;1;0;1;0;0;0;1;0;0;1;0;0;0;1;1;1;0;0;1;0;1;1;0;0;1;0;0;0;0;initial;0
0,151574;0;1;1;0;1;0;0;1;0;1;0;0;0;1;0;0;1;0;0;1;1;1;0;1;0;1;0;1;0;0;0;1;0;0;0;0;initial;0
-0,260589;0;0;0;0;0;0;0;0;1;0;0;0;0;0;0;0;0;0;1;0;0;0;0;0;0;0;0;0;1;0;0;0;0;0;0;0;initial;0
0,133597;0;1;1;1;0;0;1;1;0;1;0;0;0;0;0;0;0;0;0;0;1;1;0;1;0;1;1;1;1;0;0;0;1;0;0;0;initial;0
0,123181;0;1;1;0;0;0;1;1;0;1;1;0;0;0;0;0;1;0;0;0;0;1;1;0;0;1;0;1;1;1;0;0;0;0;0;0;initial;0
0,126559;0;1;1;1;0;0;1;1;0;1;0;0;1;0;0;1;0;0;0;0;1;1;1;0;0;1;0;1;0;1;0;0;0;0;0;1;initial;0
0,128388;1;1;1;1;0;0;0;1;0;1;0;0;0;0;0;0;0;0;0;1;1;1;1;0;0;1;1;1;0;0;0;0;1;0;0;0;initial;0
0,112082;1;1;1;0;0;0;0;1;1;1;1;0;0;1;0;1;0;0;0;0;1;1;0;1;0;1;0;1;0;0;0;0;0;0;0;0;initial;0
0,048561;0;0;0;0;0;0;1;1;0;0;0;0;0;0;0;0;1;0;0;1;0;1;0;1;0;1;0;1;0;1;0;0;1;0;0;0;initial;0
0,143162;0;0;1;0;1;0;0;1;0;1;0;1;1;0;0;0;0;1;0;0;0;1;0;1;0;1;0;0;0;0;1;0;0;0;0;0;initial;0
0,148064;1;1;1;0;0;0;0;1;1;1;1;0;0;0;0;0;0;0;1;1;1;1;1;0;0;1;0;1;0;1;0;0;0;0;0;0;initial;0
0,146966;1;1;1;1;0;0;0;1;0;1;0;0;1;0;0;0;1;0;0;1;1;1;1;0;0;1;0;1;0;0;0;0;0;0;1;0;initial;0
-0,065240;0;0;0;0;0;0;0;0;1;0;0;0;0;0;0;0;0;0;0;0;0;0;0;1;1;0;0;1;0;0;0;0;0;1;0;0;initial;0
0,143541;1;1;1;1;0;0;0;1;0;1;0;1;0;0;0;0;0;0;0;0;1;1;1;0;1;1;0;1;0;0;1;0;1;0;0;0;initial;0
-0,064747;1;0;0;0;0;0;0;0;0;0;0;0;0;0;0;0;0;0;0;0;0;0;0;1;1;1;0;0;0;0;0;1;0;1;0;0;initial;0
0,176129;0;1;0;0;0;1;0;0;0;0;1;0;0;0;0;1;0;0;0;0;0;1;0;1;0;0;0;0;0;1;0;0;0;0;0;0;initial;0
0,101082;1;0;0;0;0;0;0;1;0;0;1;0;0;1;0;0;0;1;0;0;1;1;0;1;0;0;0;0;0;0;0;0;0;0;0;0;initial;0
0,144198;0;1;1;0;0;0;0;1;1;1;0;1;0;0;1;0;0;0;0;0;1;1;0;1;0;0;0;0;0;0;1;0;1;0;0;0;initial;0
0,142922;0;1;1;0;0;1;0;1;0;1;0;0;0;0;0;0;1;0;0;1;1;1;1;0;0;1;0;1;0;1;0;1;0;0;0;1;initial;0
0,132370;0;1;1;0;0;1;0;1;0;1;0;0;0;0;0;0;0;1;0;0;1;1;0;1;0;1;0;1;0;0;1;0;1;0;0;1;initial;0
0,131460;1;0;1;0;0;0;0;1;1;0;0;0;0;0;0;0;1;0;0;1;1;1;0;1;0;0;0;1;0;1;0;0;1;0;0;0;initial;0
-0,279001;0;0;0;0;0;0;0;1;0;0;0;0;0;0;0;0;0;0;0;0;0;0;0;0;1;1;0;0;0;0;0;1;0;0;0;0;initial;0
0,130592;0;1;1;0;0;1;0;1;0;1;0;0;0;0;0;0;1;0;0;1;1;1;0;1;0;1;0;1;0;0;0;0;1;0;1;0;initial;0
0,157778;0;1;1;0;0;1;0;1;0;1;0;0;0;0;0;0;0;0;0;0;1;1;1;0;1;1;0;1;0;0;0;0;1;1;0;0;initial;0
0,173895;0;1;1;0;1;0;0;1;0;1;0;0;1;0;0;0;0;0;1;1;1;1;0;1;0;1;0;1;0;1;0;0;0;0;0;0;initial;0
0,124998;0;1;1;1;0;0;1;1;0;1;0;0;0;0;0;0;1;0;0;1;1;1;1;0;0;1;0;1;0;1;0;0;1;0;0;1;initial;0
0,122124;1;1;0;0;0;0;0;0;1;0;1;0;0;0;0;0;0;0;0;0;0;0;0;0;0;0;1;0;1;0;0;0;0;0;0;0;initial;0
0,152423;0;1;1;0;0;1;0;1;0;1;0;0;1;0;0;1;0;0;0;0;1;1;1;0;0;1;0;1;0;1;0;0;0;0;0;1;initial;0
0,139387;0;1;1;1;0;0;1;1;0;1;0;0;1;0;0;0;1;0;0;0;1;1;1;0;0;1;0;1;1;0;0;0;0;0;1;0;initial;0
0,118756;1;1;1;1;0;0;0;1;0;1;1;0;0;0;0;0;0;1;0;0;1;1;0;1;0;1;0;1;0;1;0;0;0;0;0;1;initial;0
0,139540;0;1;1;0;0;1;0;1;0;1;0;0;1;0;1;0;0;0;0;0;1;1;0;1;0;1;0;1;0;1;0;0;0;0;0;1;initial;0
-0,956414;1;1;1;0;0;0;0;1;1;1;1;0;0;1;0;0;1;0;0;1;1;1;0;1;0;0;0;1;0;1;0;0;1;0;0;0;crossover;1
-1,493950;0;0;1;0;1;0;0;1;0;1;0;1;1;0;0;0;0;1;0;0;0;1;0;1;0;1;1;1;1;0;0;0;1;0;0;0;crossover;1
0,126517;0;1;1;1;0;0;1;1;0;1;0;0;0;0;0;0;0;0;0;0;1;1;0;1;0;1;0;0;0;0;1;0;0;0;0;0;crossover;1
0,120849;1;1;1;0;0;0;0;1;0;1;0;0;1;1;0;0;0;1;0;0;1;1;0;1;0;1;0;0;0;0;0;0;0;0;0;0;crossover;1
-0,588818;0;0;0;0;0;1;0;1;1;1;0;0;0;0;0;0;0;0;0;0;1;1;0;1;1;1;0;1;0;0;0;1;0;1;0;0;crossover;1
0,144590;0;1;1;0;0;1;0;1;0;1;0;0;0;0;0;0;0;0;0;0;1;1;1;0;0;1;0;1;0;1;0;1;0;0;0;1;crossover;1
-1,239994;0;1;1;0;0;1;0;1;0;1;0;0;0;0;0;0;1;0;0;1;1;1;1;0;1;1;0;1;0;0;0;0;1;1;0;0;crossover;1
0,146302;0;1;1;1;0;0;0;1;0;1;0;0;0;0;0;0;0;0;0;1;1;1;1;0;0;1;1;1;0;0;0;0;1;0;0;0;crossover;1
-0,565097;1;1;1;0;1;0;0;1;0;1;0;0;0;1;0;0;1;0;0;0;1;1;1;0;0;1;0;1;1;0;0;1;0;0;0;0;crossover;1
-0,947846;1;1;1;0;0;0;0;1;1;1;1;0;0;0;0;0;0;0;1;1;1;1;1;0;0;1;0;1;1;0;1;1;0;0;0;0;crossover;1
-0,562681;1;1;1;0;0;0;0;1;1;1;0;1;0;0;0;0;1;0;0;0;1;1;1;0;0;1;0;1;0;1;0;0;0;0;0;0;crossover;1
0,128605;0;1;1;0;0;0;0;1;1;1;0;1;0;0;0;0;1;0;0;0;1;1;1;0;0;1;0;1;1;0;1;1;0;0;0;0;crossover;1
-0,581948;1;1;1;0;0;1;0;1;0;1;0;0;0;0;0;0;0;0;0;0;1;1;1;0;1;1;0;1;0;0;0;0;1;1;0;0;crossover;1
-0,541645;0;1;1;0;0;1;0;1;0;1;0;0;1;0;0;1;0;0;0;0;1;1;1;0;0;1;0;1;0;1;0;0;0;0;1;0;crossover;1
0,138600;0;1;1;0;0;1;0;1;0;1;0;0;0;0;0;0;1;0;0;1;1;1;0;1;0;1;0;1;0;0;0;0;1;0;0;1;crossover;1
-0,978910;1;1;1;0;0;0;0;1;1;1;0;1;0;0;0;0;0;1;0;0;1;1;1;0;0;1;0;1;0;0;0;0;0;1;0;0;crossover;1
-0,548920;0;1;1;0;0;1;0;1;0;1;1;0;0;0;0;0;0;0;0;1;1;1;0;1;0;1;0;1;0;0;1;0;1;0;0;0;crossover;1
-0,586855;0;0;0;0;0;1;0;1;1;1;0;0;0;1;0;0;1;0;0;1;1;1;0;1;0;1;0;1;0;0;0;1;0;0;0;0;crossover;2
-0,532373;0;1;1;0;1;0;0;1;0;1;0;0;0;1;0;0;1;0;0;1;1;1;1;0;0;1;0;1;0;1;0;0;0;0;0;0;crossover;2
-0,542920;1;1;1;0;0;0;0;1;1;1;1;0;0;0;0;0;0;0;1;1;1;1;0;1;0;1;0;1;0;0;0;1;0;0;0;0;crossover;2
-0,952919;1;1;1;0;0;0;0;1;1;1;0;1;0;0;0;0;0;0;1;1;1;1;1;0;0;1;0;1;1;0;1;1;0;0;0;0;crossover;2
-0,564290;1;1;1;0;0;0;0;1;1;1;1;0;0;0;0;0;0;1;0;0;1;1;1;0;0;1;0;1;0;0;0;0;0;1;0;0;crossover;2
-0,963192;1;1;1;0;0;0;0;1;1;1;0;1;0;0;0;0;1;0;0;0;1;1;1;0;0;1;0;1;0;1;0;0;0;0;0;1;crossover;2
0,135442;0;1;1;0;0;1;0;1;0;1;0;0;0;0;0;0;0;0;0;0;1;1;1;0;0;1;0;1;0;1;0;1;0;0;0;0;crossover;2
0,157987;1;1;1;1;0;0;0;1;0;1;0;0;1;0;0;0;0;0;0;0;1;1;1;0;1;1;0;1;0;1;0;0;0;0;0;0;crossover;2
0,153831;0;1;1;0;0;1;0;0;0;0;0;0;0;0;0;0;0;0;0;0;0;0;1;0;0;0;0;0;0;1;0;1;0;0;0;1;crossover;2
-0,984738;0;0;0;0;0;1;0;1;0;1;0;0;1;1;0;0;0;1;0;0;1;1;0;1;0;0;0;0;0;0;1;0;1;0;0;0;crossover;2
0,147887;0;1;1;0;0;0;0;1;1;1;0;1;0;0;1;0;0;0;0;0;1;1;0;1;0;1;0;0;0;0;0;0;0;0;0;0;crossover;2
-0,602495;1;1;1;0;0;1;0;1;0;1;0;0;0;0;0;0;0;0;0;0;1;1;1;0;0;1;0;1;0;1;0;1;0;0;0;1;crossover;2
0,145149;0;1;1;0;0;0;0;1;1;1;1;0;0;0;0;0;0;0;1;1;1;1;1;0;0;1;0;1;0;1;0;0;0;0;0;0;crossover;2
0,075202;0;1;1;0;0;0;0;1;0;1;0;0;1;0;0;0;1;0;0;1;1;1;1;0;0;1;0;1;0;0;0;0;0;0;1;0;crossover;2
-0,988824;1;1;1;1;0;1;0;1;0;1;0;0;0;0;0;0;1;0;0;1;1;1;0;1;0;1;0;1;0;0;0;0;1;0;0;1;crossover;2
0,172088;0;1;1;0;1;0;0;1;0;1;0;0;1;0;0;0;1;0;0;0;1;1;1;0;0;1;0;1;1;0;0;0;0;0;1;0;crossover;2
0,115781;0;1;1;1;0;0;1;1;0;1;0;0;0;1;0;0;1;0;0;1;1;1;0;1;0;1;0;1;0;0;0;1;0;0;0;0;crossover;2
0,124399;0;1;1;1;0;0;1;1;0;1;0;0;0;0;0;0;0;0;0;0;1;1;0;1;0;1;0;0;0;0;1;1;0;0;0;0;crossover;2
0,160211;0;1;1;0;1;0;0;1;0;1;0;0;0;1;0;0;1;0;0;0;1;1;1;0;0;1;0;1;1;0;0;0;0;0;0;0;crossover;2
0,144500;1;1;1;1;0;0;0;1;0;1;0;0;1;0;0;0;0;0;1;1;1;1;0;1;0;1;0;1;0;1;0;0;0;0;0;0;crossover;3
0,163653;0;1;1;0;1;0;0;1;0;1;0;0;1;0;0;0;1;0;0;1;1;1;1;0;0;1;0;1;0;0;0;0;0;0;1;0;crossover;3
0,130765;0;1;1;0;0;1;0;1;0;1;0;1;0;0;0;0;0;0;0;0;1;1;1;0;1;1;0;1;0;0;1;0;1;0;0;0;crossover;3
0,123671;1;1;1;1;0;0;0;1;0;1;0;0;0;0;0;0;0;0;0;0;1;1;1;0;0;1;0;1;0;1;0;1;0;0;0;1;crossover;3
0,145086;0;1;1;0;0;0;0;1;1;1;0;0;0;0;0;0;0;0;0;0;1;1;0;1;1;1;0;1;0;0;0;1;0;1;0;0;crossover;3
-0,581644;1;1;1;0;0;1;0;1;0;1;0;0;1;0;1;0;0;0;0;0;1;1;0;1;0;1;0;1;0;1;0;0;0;0;0;1;crossover;3
-0,561697;0;1;1;0;1;0;0;1;0;1;0;0;0;1;0;0;0;0;0;0;0;1;0;1;0;0;0;0;0;1;0;0;0;0;0;0;crossover;3
-1,244300;0;1;0;0;0;1;0;0;0;0;1;0;0;0;0;1;1;0;0;1;1;1;0;1;0;1;0;1;0;0;0;1;0;0;0;0;crossover;3
-0,517880;0;1;1;0;1;0;0;1;0;1;0;0;1;0;0;0;0;0;0;1;1;1;0;1;0;1;0;1;0;0;0;1;0;0;0;0;crossover;3
-1,243836;0;1;1;0;1;0;0;1;0;1;0;0;0;1;0;0;1;0;1;1;1;1;0;1;0;1;0;1;0;1;0;0;0;0;0;0;crossover;3
-0,550994;1;1;1;0;0;0;0;1;1;1;0;1;0;0;0;0;1;0;0;0;1;1;1;0;0;1;0;1;1;0;1;1;0;0;0;1;crossover;3
0,119967;1;1;1;0;0;0;0;1;0;1;0;0;0;0;0;0;1;0;0;1;1;1;0;1;0;1;0;1;0;0;0;0;1;0;0;1;crossover;3
-0,527570;0;1;1;0;0;1;0;1;1;1;0;0;0;0;0;0;0;0;0;0;1;1;0;1;1;1;0;1;0;0;0;1;0;1;0;0;crossover;3
0,167318;0;1;1;1;0;0;0;1;0;1;0;0;1;0;0;0;1;0;0;0;1;1;1;0;0;1;0;1;1;0;0;0;0;0;1;0;crossover;4
0,136776;1;1;1;1;0;0;0;1;0;1;0;0;1;0;0;0;0;0;0;0;1;1;0;1;0;0;0;0;0;1;0;0;0;0;0;0;crossover;4
-0,537791;0;1;0;0;0;1;0;0;0;0;1;0;0;0;0;1;0;0;0;0;0;1;1;0;1;1;0;1;0;1;0;0;0;0;0;1;crossover;4
-0,533599;0;1;1;0;1;0;0;1;0;1;0;0;0;1;0;0;1;0;0;1;1;1;0;1;0;1;0;1;0;1;0;1;0;0;0;0;crossover;4
0,140078;1;1;1;1;0;0;0;1;0;1;0;0;0;0;0;0;0;0;1;0;1;1;1;0;0;1;0;1;1;0;0;1;0;0;0;0;crossover;4
0,148986;0;1;1;0;0;1;0;0;0;0;1;0;0;0;0;1;0;0;0;0;0;1;0;1;0;0;0;0;0;1;0;0;0;0;0;0;crossover;4
0,230198;0;1;0;0;1;0;0;1;0;1;0;0;1;0;0;0;1;0;0;1;1;1;1;0;0;1;0;1;0;0;0;0;0;0;1;0;crossover;4
0,163948;0;1;0;0;0;1;0;1;0;1;0;0;0;0;0;0;1;0;0;1;1;1;1;0;0;1;0;1;0;1;0;1;0;0;0;1;crossover;4
0,149609;1;1;1;1;0;0;0;1;0;1;0;0;0;0;0;0;0;0;0;0;1;1;1;0;1;1;0;1;0;0;0;0;1;1;0;0;crossover;4
0,159966;0;1;1;0;0;1;0;1;0;1;0;0;1;0;0;0;0;0;0;0;1;1;1;0;1;1;0;1;0;1;0;0;0;0;0;0;crossover;4
0,168241;0;1;1;0;1;0;0;1;0;1;0;0;0;0;0;0;0;0;0;1;1;1;1;0;0;1;0;1;0;0;0;0;0;1;0;0;crossover;4
-0,545626;0;1;1;0;0;1;0;1;0;1;1;0;0;1;0;0;1;0;0;1;1;1;0;1;0;1;0;1;0;0;0;1;0;0;0;0;crossover;4
0,138794;0;1;1;0;0;1;0;1;0;1;0;0;0;0;0;0;1;0;0;1;1;1;1;0;0;1;0;1;0;1;0;1;0;0;0;0;crossover;4
-0,957132;0;1;1;0;0;0;0;1;1;1;0;1;0;0;1;0;0;0;0;0;1;1;1;0;0;1;0;1;1;1;0;1;0;0;0;0;crossover;4
0,124597;1;1;1;1;0;0;0;1;0;1;0;0;0;0;0;0;0;0;1;0;1;1;0;1;0;1;0;0;0;0;0;0;0;0;0;0;crossover;4
-0,942933;0;1;1;0;1;0;0;1;0;1;0;0;0;1;0;0;1;0;0;1;1;1;1;0;0;1;1;1;0;0;0;0;1;0;0;0;crossover;4
0,147144;0;1;1;1;0;0;0;1;0;1;0;0;0;0;0;0;0;0;0;1;1;1;0;1;0;1;0;1;0;0;0;1;0;0;0;0;crossover;4
0,118340;0;1;1;0;0;1;0;1;0;1;0;0;0;0;0;0;0;0;0;0;1;1;1;0;0;1;0;1;0;1;0;0;0;0;0;0;crossover;4
-0,542561;1;1;1;1;0;0;0;1;0;1;0;0;1;0;0;0;0;0;0;0;1;1;1;0;1;1;0;1;0;1;0;1;0;0;0;1;crossover;4
-0,575884;0;1;1;0;0;1;0;0;0;0;1;0;0;0;0;0;0;0;0;1;1;1;1;0;0;1;1;1;0;0;0;0;1;0;0;0;crossover;5
0,140793;0;1;1;1;0;0;0;1;0;1;0;0;0;0;0;1;0;0;0;0;0;1;0;1;0;0;0;0;0;1;0;0;0;0;0;0;crossover;5
0,229781;0;1;0;0;0;1;0;1;0;1;1;0;0;0;0;0;0;0;0;1;1;1;1;0;0;1;0;1;0;0;0;0;0;1;0;0;crossover;5
0,183800;0;1;1;0;1;0;0;1;0;1;0;0;1;0;0;0;1;0;0;0;1;1;1;0;0;0;0;0;1;1;0;0;0;0;0;0;mutation;5
-0,579130;0;0;1;0;0;1;0;0;0;0;1;0;0;0;0;1;0;0;0;0;0;1;0;1;0;1;0;1;1;0;0;0;0;0;1;0;mutation;5
-0,582684;0;1;1;1;0;0;0;1;0;1;0;0;1;0;0;0;1;0;0;0;1;1;1;1;0;1;0;1;0;1;0;0;0;0;0;0;crossover;5
-0,934944;0;1;1;0;1;0;0;1;0;1;0;0;1;0;0;0;0;0;1;1;1;1;0;0;0;1;0;1;1;0;0;0;0;0;1;0;crossover;5
-0,584413;0;1;1;1;0;0;0;1;0;1;0;0;0;0;0;0;0;0;0;1;1;1;1;0;1;1;0;1;0;1;0;0;0;0;0;0;crossover;5
-0,548371;0;1;1;0;0;1;0;1;0;1;0;0;1;0;0;0;0;0;0;0;1;1;1;0;0;1;1;1;0;0;0;0;1;0;0;0;crossover;5
-0,951659;0;1;1;0;1;0;0;1;0;1;0;0;0;1;0;0;1;0;0;1;1;1;0;1;0;1;0;1;1;1;0;1;0;0;0;0;crossover;5
0,142969;1;1;1;1;0;0;0;1;0;1;0;0;0;0;0;0;0;0;1;0;1;1;1;0;0;1;0;1;0;0;0;1;0;0;0;0;crossover;5
0,140085;0;1;1;0;0;1;0;1;0;1;0;0;1;0;0;0;1;0;0;0;1;1;1;0;0;1;0;1;1;0;0;0;0;0;1;0;crossover;5
0,167908;0;1;1;0;1;0;0;1;0;1;0;0;1;0;0;0;0;0;0;0;1;1;1;0;1;1;0;1;0;1;0;0;0;0;0;0;crossover;5
0,146604;0;1;0;0;0;1;0;0;0;0;1;0;0;0;0;0;1;0;0;0;1;1;1;0;0;1;0;1;1;0;0;0;0;0;1;0;crossover;5
0,176211;0;1;1;0;1;0;0;1;0;1;0;0;1;0;0;1;0;0;0;0;0;1;0;1;0;0;0;0;0;1;0;0;0;0;0;0;crossover;5
0,148197;1;1;1;1;0;0;0;1;0;1;0;0;1;0;0;0;1;0;0;0;1;1;1;0;0;1;0;1;1;0;0;0;0;0;1;0;crossover;6
0,141619;0;1;1;0;0;1;0;1;0;1;0;0;1;0;0;0;1;0;0;1;1;1;1;0;0;1;0;1;0;0;0;0;0;0;1;0;crossover;6
0,239274;0;1;0;0;1;0;0;1;0;1;0;0;1;0;0;0;0;0;0;0;1;1;1;0;1;1;0;1;0;1;0;0;0;0;0;0;crossover;6
0,138616;1;1;1;1;0;0;0;1;0;0;1;0;0;0;0;1;0;0;0;0;0;1;0;1;0;0;0;0;0;1;0;0;0;0;0;0;crossover;6
0,145473;0;1;0;0;0;1;0;0;0;1;0;0;1;0;0;0;0;0;0;0;1;1;1;0;1;1;0;1;0;1;0;0;0;0;0;0;crossover;6
0,160193;0;1;0;0;0;1;0;0;0;0;1;0;0;0;0;1;0;0;0;0;0;1;0;1;0;1;0;0;0;0;0;0;0;0;0;0;crossover;6
-0,549217;0;1;1;0;0;0;0;1;1;1;0;1;0;0;1;0;0;0;0;0;1;1;0;1;0;0;0;0;0;1;0;0;0;0;0;0;crossover;6
0,176559;0;1;1;0;1;0;0;1;0;1;0;0;1;0;0;0;1;0;0;0;1;1;1;0;0;1;0;1;1;0;0;0;0;0;0;0;crossover;6
-0,546860;1;1;1;0;0;0;0;1;1;1;0;0;0;0;0;0;0;0;0;0;1;1;0;1;1;1;0;1;0;0;0;1;0;1;1;0;crossover;6
0,146596;1;1;1;0;0;0;0;1;0;1;0;0;1;0;0;0;1;0;0;0;1;1;1;0;0;1;0;1;1;0;0;0;0;0;1;0;crossover;6
-0,545781;0;1;1;1;0;0;0;1;1;1;1;0;0;0;0;0;0;0;1;1;1;1;1;0;0;1;0;1;0;1;0;0;0;0;0;0;crossover;6
-0,532738;0;1;1;0;1;0;0;1;1;1;1;0;0;0;0;0;0;0;1;1;1;1;1;0;0;1;0;1;0;1;0;0;0;0;0;0;crossover;6
0,141052;1;1;1;0;0;0;0;1;0;1;0;0;1;0;0;0;1;0;0;1;1;1;1;0;0;1;0;1;0;0;0;0;0;0;1;0;crossover;6
-0,530789;0;1;1;0;0;1;0;1;0;1;0;0;1;0;0;0;0;0;0;0;1;1;0;1;1;1;0;1;0;0;0;1;0;1;0;0;crossover;6
0,139796;1;1;1;0;0;0;0;1;1;1;0;0;0;0;0;0;0;0;0;0;1;1;1;0;1;1;0;1;0;1;0;0;0;0;0;0;crossover;6
0,106278;1;1;1;1;0;0;0;1;0;1;0;0;1;0;0;0;0;0;0;0;1;1;1;0;0;1;0;1;0;0;0;0;0;1;0;0;crossover;7
-0,524033;0;1;0;0;0;1;0;1;0;1;1;0;0;0;0;0;0;0;0;1;1;1;1;0;1;1;0;1;0;1;0;0;0;0;0;1;crossover;7
-0,518267;0;1;1;0;1;0;0;1;0;1;0;0;1;0;0;0;0;0;1;0;1;1;1;0;0;1;0;1;1;1;0;1;0;0;0;0;crossover;7
0,129899;1;1;1;1;0;0;0;1;0;1;0;0;0;0;0;0;0;0;1;1;1;1;0;1;0;1;0;1;0;1;0;0;0;0;0;0;crossover;7
-0,528951;0;1;1;0;1;0;0;1;0;1;0;0;1;0;0;0;1;0;0;1;1;1;1;0;0;1;0;1;1;0;0;0;0;0;0;0;crossover;7
0,177997;0;1;1;0;1;0;0;1;0;1;0;0;1;0;0;0;1;0;0;0;1;1;1;0;0;1;0;1;0;0;0;0;0;0;1;0;crossover;7
0,150979;0;1;0;0;0;1;0;1;0;1;0;0;0;0;0;0;1;0;0;1;1;1;1;0;0;1;0;1;0;1;0;0;0;0;0;0;crossover;7
-0,933593;0;1;1;0;1;0;0;1;0;1;0;0;1;0;0;0;0;0;1;1;1;1;0;1;0;1;0;1;0;1;0;1;0;0;0;1;crossover;7
0,142744;0;1;1;1;0;0;0;1;0;1;0;0;1;0;0;0;1;0;0;0;1;1;1;0;0;1;0;1;1;0;0;0;0;0;0;0;crossover;7
-0,511689;0;1;1;0;1;0;0;1;0;1;0;0;1;0;0;0;0;0;0;0;1;1;1;0;1;1;0;1;0;0;0;0;1;1;0;0;crossover;8
0,128973;1;1;1;1;0;0;0;1;0;1;0;0;0;1;0;0;1;0;0;0;1;1;1;0;0;1;0;1;1;0;0;1;0;0;0;0;crossover;8
0,184058;0;1;1;0;1;0;0;1;0;1;0;0;1;0;0;0;0;0;0;0;1;1;1;0;1;1;0;1;0;1;0;0;0;0;0;1;crossover;8
0,151477;1;1;1;1;0;0;0;1;0;1;0;0;1;0;0;0;0;0;0;0;1;1;1;0;0;1;0;1;1;0;0;0;0;0;1;0;crossover;8
-0,520782;0;1;1;0;1;0;0;1;0;1;0;0;1;0;0;0;1;0;0;0;1;1;1;0;1;1;0;1;0;1;0;0;0;0;0;1;crossover;8
-0,524763;0;1;0;0;0;1;0;0;0;0;1;0;0;0;0;1;0;0;0;0;0;1;0;1;0;0;0;0;0;1;0;0;0;0;1;0;crossover;8
0,165494;0;1;1;0;1;0;0;1;0;1;0;0;1;0;0;0;1;0;0;1;1;1;1;0;0;1;0;1;0;0;0;0;0;0;0;0;crossover;8
-0,575961;1;1;1;1;0;0;0;1;0;1;0;0;1;0;0;0;0;0;0;0;1;1;1;0;1;1;0;1;1;0;0;0;0;0;1;0;crossover;8
0,145690;0;1;1;1;0;0;0;1;0;1;0;0;1;0;0;0;1;0;0;0;1;1;1;0;0;1;0;1;0;1;0;0;0;0;0;1;crossover;8
0,080702;0;1;1;0;0;0;0;1;0;1;0;0;0;0;0;0;0;0;0;0;1;1;1;0;1;1;0;1;0;0;0;0;1;1;0;0;crossover;8
-0,995342;1;1;1;1;0;1;0;0;0;0;0;0;0;0;0;0;0;0;0;0;0;0;1;0;0;0;0;0;0;1;0;1;0;0;0;1;crossover;8
0,162353;0;1;1;0;1;0;0;1;0;1;0;0;0;0;0;0;0;0;0;1;1;1;1;0;0;1;0;1;0;0;0;1;0;0;0;0;crossover;8
-0,941849;0;1;1;0;1;0;0;1;0;1;0;0;0;1;0;0;1;0;0;1;1;1;0;1;0;1;0;1;0;0;0;0;0;1;0;0;crossover;8
0,150466;0;1;1;0;0;1;0;1;0;1;1;0;0;0;0;0;0;0;0;1;1;1;1;0;0;1;0;1;0;0;0;0;0;0;1;0;crossover;8
-0,520204;0;1;0;0;1;0;0;1;0;1;0;0;1;0;0;0;1;0;0;1;1;1;1;0;0;1;0;1;0;0;0;0;0;1;0;0;crossover;8
-0,533732;0;1;1;0;0;1;0;1;0;1;0;0;1;0;0;0;0;0;0;0;1;1;1;0;1;1;0;1;0;1;0;0;0;0;1;0;crossover;9
0,172989;0;1;0;0;1;0;0;1;0;1;0;0;1;0;0;0;1;0;0;1;1;1;1;0;0;1;0;1;0;0;0;0;0;0;0;0;crossover;9
0,172230;0;1;1;0;1;0;0;1;0;1;0;0;1;0;0;0;0;0;0;0;1;1;1;0;0;1;0;1;1;0;0;0;0;0;1;0;crossover;9
0,160328;1;1;1;1;0;0;0;1;0;1;0;0;1;0;0;0;1;0;0;0;1;1;1;0;0;1;0;1;1;0;0;0;0;0;0;0;crossover;9
0,222433;0;1;0;0;0;1;0;1;0;1;1;0;0;0;0;0;0;0;0;1;1;1;1;0;0;1;0;1;0;0;0;0;0;0;1;0;crossover;9
-0,471409;0;1;0;0;0;1;0;1;0;1;1;0;0;0;0;0;0;0;0;1;1;1;1;0;0;0;0;0;1;1;0;0;0;0;0;0;crossover;9
-0,509844;0;1;1;0;1;0;0;1;0;1;0;0;1;0;0;0;1;0;0;0;1;1;1;0;0;1;0;1;0;0;0;0;0;1;0;0;crossover;9
-0,464871;0;1;0;0;1;0;0;1;0;1;0;0;1;0;0;0;0;0;0;0;1;1;1;0;1;1;0;1;0;1;0;1;0;0;0;1;mutation;9
0,183318;0;1;0;0;1;0;0;1;0;1;0;0;1;0;0;0;1;0;0;1;1;1;1;0;0;1;0;1;0;1;0;0;0;0;0;0;crossover;10
0,148734;0;1;1;0;1;0;0;1;0;1;0;0;0;0;0;1;0;0;0;0;0;1;0;1;0;0;0;0;0;1;0;0;0;0;0;0;crossover;10
-0,556557;0;1;0;0;0;1;0;0;0;0;1;0;1;0;0;0;1;0;0;1;1;1;1;0;0;1;0;1;0;0;0;0;0;0;0;0;crossover;10
-0,547995;1;1;1;0;1;0;0;1;0;1;0;0;1;0;0;0;1;0;0;1;1;1;1;0;0;1;0;1;0;0;0;0;0;0;1;0;crossover;10
0,169953;0;1;0;0;0;1;0;1;0;1;1;0;0;0;0;0;1;0;0;0;1;1;1;0;0;1;0;1;1;0;0;0;0;0;1;0;crossover;10
0,170613;0;1;1;0;1;0;0;1;0;1;0;0;1;0;0;0;0;0;0;1;1;1;1;0;0;1;0;1;0;0;0;0;0;0;1;0;crossover;10
-0,507810;0;1;1;0;1;0;0;1;0;1;0;0;1;0;0;1;0;0;0;0;0;1;1;0;0;0;0;0;1;1;0;0;0;0;0;0;crossover;10
0,186009;0;1;1;0;1;0;0;1;0;1;0;0;1;0;0;0;1;0;0;0;1;1;0;1;0;0;0;0;0;1;0;0;0;0;0;0;crossover;10
0,133480;0;1;1;0;0;1;0;1;0;1;0;0;1;0;0;0;1;0;0;0;1;1;1;0;0;0;0;0;1;1;0;0;0;0;0;0;crossover;10
-0,927014;0;1;1;0;1;0;0;1;0;1;0;0;1;0;0;0;0;0;1;1;1;1;0;1;0;1;0;1;0;1;0;0;0;1;0;0;crossover;10
0,169095;0;1;0;0;0;1;0;1;0;1;1;0;0;0;0;0;0;0;0;1;1;1;1;0;0;1;0;1;0;0;0;0;0;0;0;0;crossover;10
-0,538098;0;1;1;0;1;0;0;1;0;1;0;0;1;0;0;0;1;0;0;0;1;1;1;1;0;1;0;1;1;0;0;0;0;0;0;0;mutation;10
-0,911242;1;1;0;0;1;0;0;1;0;1;0;0;1;0;0;0;0;0;0;0;1;1;1;0;1;1;0;1;0;1;0;0;0;0;1;0;mutation;10
0,162367;0;1;0;0;0;1;0;1;0;1;1;0;0;0;0;0;0;0;0;1;1;1;0;1;0;0;0;0;0;1;0;0;0;0;0;0;crossover;11
0,144605;0;1;0;0;0;1;0;0;0;0;1;0;0;0;0;1;0;0;0;0;0;1;1;0;0;1;0;1;0;0;0;0;0;0;1;0;crossover;11
0,226282;0;1;0;0;0;1;0;1;0;1;1;0;0;0;0;0;1;0;0;0;1;1;1;0;0;0;0;0;1;1;0;0;0;0;0;0;crossover;11
0,189232;0;1;0;0;0;1;0;1;0;1;1;0;0;0;0;0;0;0;0;0;0;1;0;1;0;0;0;0;0;1;0;0;0;0;0;0;crossover;11
-0,526005;0;1;1;0;1;0;0;1;0;1;0;0;1;0;0;1;0;0;0;1;1;1;1;0;0;1;0;1;0;0;0;0;0;0;1;0;crossover;11
-0,507934;0;1;1;0;1;0;0;1;0;1;0;0;1;0;0;0;1;0;0;0;1;1;1;0;0;0;0;0;1;1;0;0;0;0;1;0;crossover;11
0,228190;0;1;0;0;1;0;0;1;0;1;0;0;1;0;0;0;1;0;0;0;1;1;1;0;0;1;0;1;1;0;0;0;0;0;1;0;crossover;11
0,153255;0;1;1;1;0;0;0;1;0;1;0;0;1;0;0;0;0;0;0;0;1;1;1;0;1;1;0;1;0;1;0;0;0;0;0;0;crossover;11
-0,947326;0;1;0;0;0;1;0;0;0;0;1;0;0;0;0;1;0;0;0;1;1;1;1;0;0;1;0;1;0;0;0;0;0;1;0;0;crossover;11
0,161026;0;1;1;0;1;0;0;1;0;1;0;0;1;0;0;0;0;0;0;1;1;1;1;0;0;1;0;1;0;0;0;0;0;1;0;0;crossover;12
0,181025;0;1;1;0;1;0;0;1;0;1;0;0;1;0;0;0;1;0;0;0;1;1;1;0;0;1;0;1;0;0;0;0;0;0;0;0;crossover;12
-0,517172;0;1;1;0;1;0;0;1;0;1;0;0;1;0;0;0;0;0;0;1;1;1;1;0;0;1;0;0;1;1;0;0;0;0;0;0;crossover;12
0,177036;0;1;1;0;1;0;0;1;0;1;0;0;1;0;0;0;1;0;0;0;1;1;1;0;0;0;0;1;0;0;0;0;0;0;1;0;crossover;12
-0,466674;0;1;0;0;1;0;0;1;0;1;0;0;1;0;0;0;1;0;0;1;1;1;1;0;0;0;0;0;1;1;0;0;0;0;0;0;crossover;12
0,149612;0;1;0;0;0;1;0;1;0;1;0;0;1;0;0;0;1;0;0;0;1;1;1;0;0;1;0;1;1;0;0;0;0;0;0;0;crossover;12
0,170378;0;1;1;0;1;0;0;1;0;1;1;0;0;0;0;0;0;0;0;1;1;1;1;0;0;1;0;1;0;0;0;0;0;1;0;0;crossover;12
0,176630;0;1;0;0;1;0;0;1;0;1;0;0;1;0;0;0;1;0;0;0;1;1;1;0;0;1;0;1;1;0;0;0;0;0;0;0;crossover;12
0,174229;0;1;1;0;1;0;0;1;0;1;0;0;1;0;0;0;1;0;0;0;1;1;1;0;0;1;0;1;0;1;0;0;0;0;0;0;crossover;13
-0,512782;0;1;0;0;1;0;0;1;0;1;0;0;1;0;0;0;0;0;0;0;1;1;1;0;1;1;0;1;1;0;0;0;0;0;0;0;crossover;13
0,173780;0;1;1;0;1;0;0;1;0;1;0;0;1;0;0;0;1;0;0;1;1;1;1;0;0;1;0;1;0;1;0;0;0;0;0;0;crossover;13
0,178524;0;1;0;0;1;0;0;1;0;1;0;0;1;0;0;0;1;0;0;0;1;1;1;0;0;0;0;0;1;1;0;0;0;0;0;0;crossover;13
-0,518462;0;1;1;0;1;0;0;1;0;1;0;0;1;0;0;0;1;0;0;0;1;1;0;1;0;0;0;0;0;1;0;0;0;0;1;0;crossover;13
0,183590;0;1;1;0;1;0;0;1;0;1;0;0;1;0;0;0;1;0;0;0;1;1;1;0;0;0;0;0;1;1;0;0;0;0;0;1;crossover;13
0,174256;0;1;1;0;1;0;0;1;0;1;0;0;1;0;0;0;1;0;0;0;1;1;0;0;0;1;0;1;0;1;0;0;0;0;0;0;crossover;13
-0,509701;0;1;0;0;1;0;0;1;0;1;0;0;1;0;0;0;1;0;0;1;1;1;1;1;0;0;0;0;0;1;0;0;0;0;0;0;crossover;13
0,214247;0;1;0;0;1;0;0;1;0;1;0;0;1;0;0;0;0;0;0;0;1;1;0;1;0;0;0;0;0;1;0;0;0;0;0;0;crossover;13
-0,544125;0;1;1;0;1;0;0;1;0;1;0;0;1;0;0;1;0;0;0;0;0;1;1;0;1;1;0;1;0;1;0;0;0;0;0;0;crossover;13
0,190241;0;1;0;0;1;0;0;1;0;1;0;0;1;0;0;0;1;0;0;0;0;1;0;1;0;0;0;0;0;1;0;0;0;0;0;0;crossover;14
0,210159;0;1;0;0;0;1;0;1;0;1;1;0;0;0;0;0;0;0;0;1;1;1;1;0;0;1;0;1;0;1;0;0;0;0;0;0;crossover;14
0,189042;0;1;0;0;0;1;0;1;0;1;1;0;0;0;0;0;0;0;0;0;0;1;0;1;0;0;0;0;0;0;0;0;0;1;0;0;crossover;14
-0,515660;0;1;1;0;1;1;0;1;0;1;1;0;0;0;0;0;1;0;0;0;1;1;1;0;0;0;0;0;1;1;0;0;0;0;0;0;crossover;14
0,077605;0;1;0;0;0;0;0;1;0;1;0;0;1;0;0;0;1;0;0;0;1;1;1;0;0;1;0;1;1;0;0;0;0;0;0;0;crossover;14
0,177790;0;1;0;0;1;0;0;1;0;1;0;0;1;0;0;0;0;0;0;0;1;1;1;0;1;1;0;1;0;1;0;0;0;0;0;1;crossover;14
0,190474;0;1;0;0;1;0;0;1;0;1;0;0;1;0;0;0;0;0;0;1;1;1;1;0;0;1;0;1;0;0;0;0;0;1;0;0;crossover;14
0,175103;0;1;0;0;0;1;0;1;0;1;1;0;0;0;0;0;1;0;0;0;1;1;1;0;0;1;0;1;1;0;0;0;0;0;0;0;crossover;14
0,169174;0;1;0;0;0;1;0;0;0;0;1;0;0;0;0;0;1;0;0;0;1;1;1;0;0;0;0;0;1;1;0;0;0;0;0;0;crossover;14
-0,873365;0;1;0;0;0;1;0;1;0;1;1;0;0;0;0;0;1;0;0;0;1;1;1;0;0;0;0;0;1;1;0;0;0;1;0;0;crossover;14
0,168741;0;1;1;0;1;0;0;1;0;1;0;0;1;0;0;1;0;0;0;0;0;1;1;0;0;1;0;1;0;0;0;0;0;0;1;0;crossover;15
0,184704;0;1;0;0;1;0;0;1;0;1;0;0;1;0;0;0;1;0;0;1;1;1;0;1;0;0;0;0;0;1;0;0;0;0;0;0;crossover;15
-0,468592;0;1;0;0;0;1;0;1;0;1;1;0;0;0;0;0;1;0;0;0;1;1;1;0;0;0;0;0;1;1;0;0;0;0;1;0;crossover;15
-0,524559;0;1;0;0;0;1;0;1;0;1;1;0;0;0;0;0;1;0;0;0;1;1;1;0;1;1;0;1;0;1;0;0;0;0;0;1;crossover;15
0,206231;0;1;0;0;1;0;0;1;0;1;0;0;1;0;0;0;0;0;0;0;1;1;1;0;0;0;0;0;1;1;0;0;0;0;0;0;crossover;15
-0,530563;0;1;0;0;0;1;0;0;0;0;1;0;0;0;0;1;0;0;0;0;1;1;1;0;0;1;0;1;0;0;0;0;0;1;0;0;crossover;15
0,192735;0;1;0;0;0;1;0;1;0;1;1;0;0;0;0;0;0;0;0;1;0;1;0;1;0;0;0;0;0;1;0;0;0;0;0;0;crossover;15
0,159548;0;1;0;0;0;1;0;1;0;1;1;0;0;0;0;0;1;0;0;0;1;1;1;0;0;0;0;1;0;0;0;0;0;0;1;0;crossover;15
-0,520634;0;1;1;0;1;0;0;1;0;1;0;0;1;0;0;0;1;0;0;1;1;1;1;0;0;1;0;0;1;1;0;0;0;0;0;0;crossover;15
0,167044;0;1;1;0;1;0;0;1;0;1;0;0;1;0;0;0;0;0;0;0;1;1;1;0;1;0;0;0;0;1;0;0;0;0;0;0;crossover;15
0,166305;0;1;0;0;1;0;0;1;0;1;0;0;1;0;0;0;1;0;0;0;0;1;0;1;0;1;0;1;0;1;0;0;0;0;0;1;crossover;15
0,097083;0;1;0;0;0;0;0;1;0;1;0;0;1;0;0;0;1;0;0;0;1;1;1;0;0;1;0;1;1;0;0;0;0;0;1;0;crossover;16
-0,500401;0;1;0;0;1;1;0;1;0;1;1;0;0;0;0;0;0;0;0;0;0;1;0;1;0;0;0;0;0;1;0;0;0;0;0;0;crossover;16
0,207524;0;1;0;0;1;0;0;1;0;1;1;0;0;0;0;0;0;0;0;0;0;1;0;1;0;0;0;0;0;0;0;0;0;1;0;0;crossover;16
0,216326;0;1;0;0;0;1;0;1;0;1;0;0;1;0;0;0;1;0;0;0;1;1;1;0;0;1;0;1;1;0;0;0;0;0;1;0;crossover;16
-0,531680;0;1;0;0;0;1;0;1;0;1;1;0;0;0;0;0;0;0;0;0;0;1;0;1;0;0;0;0;0;1;0;0;0;0;1;0;crossover;16
0,190528;0;1;0;0;1;0;0;1;0;1;0;0;1;0;0;0;1;0;0;0;1;1;1;0;0;1;0;1;0;0;0;0;0;0;0;0;crossover;16
0,157664;0;1;0;0;0;1;0;1;0;1;1;0;0;0;0;0;0;0;0;0;0;1;0;1;0;1;0;1;0;0;0;0;0;0;1;0;crossover;16
0,195235;0;1;0;0;1;0;0;1;0;1;0;0;1;0;0;0;1;0;0;1;1;1;1;0;0;0;0;0;0;1;0;0;0;0;0;0;crossover;16
0,168336;0;1;0;0;0;1;0;1;0;1;0;0;1;0;0;0;1;0;0;1;1;1;1;0;0;1;0;1;0;1;0;0;0;0;0;0;crossover;16
0,171234;0;1;0;0;1;0;0;1;0;1;1;0;0;0;0;0;0;0;0;1;1;1;1;0;0;1;0;1;0;1;0;0;0;0;0;0;crossover;16
-2,132859;0;1;0;1;1;0;0;1;0;1;0;0;0;0;0;0;0;1;1;0;1;1;1;0;0;0;0;0;1;1;0;0;0;1;1;0;diversification;17
-1,997391;0;1;0;0;1;1;0;1;0;1;1;0;0;0;0;1;0;1;0;0;1;1;1;1;1;1;1;1;0;1;0;0;0;0;0;0;diversification;17
0,187162;0;1;0;0;1;0;0;1;0;1;0;0;1;0;0;0;0;0;0;1;1;1;1;0;0;1;0;1;0;0;0;0;0;0;1;0;crossover;17
0,204591;0;1;0;0;0;1;0;1;0;0;0;0;0;0;0;0;0;0;0;0;0;1;0;0;0;0;0;1;0;0;0;0;0;0;0;0;diversification;17
0,215980;0;1;0;0;0;1;0;1;0;1;0;0;1;0;0;0;1;0;0;1;1;1;1;0;0;1;0;1;0;0;0;0;0;0;1;0;crossover;17
0,241190;0;1;0;0;1;0;0;1;0;1;1;0;0;0;0;0;0;0;0;1;1;1;1;0;0;1;0;1;0;0;0;0;0;1;0;0;crossover;17
-0,973321;0;1;0;1;0;1;0;0;0;1;1;0;0;0;1;0;0;0;0;1;1;1;1;0;0;0;0;0;0;0;0;0;0;0;1;0;diversification;17
0,188268;0;1;0;0;1;0;0;0;0;0;0;0;1;0;0;0;1;0;0;1;0;1;1;0;0;1;0;1;0;0;0;0;0;0;0;0;diversification;17
-1,768481;0;1;0;0;1;0;0;1;1;1;0;0;1;0;0;1;1;0;0;0;1;1;1;0;1;1;0;1;1;0;0;0;0;0;0;1;diversification;17
-1,656601;0;1;0;0;0;1;0;1;1;0;1;0;1;0;0;0;1;0;0;0;1;1;1;0;1;0;0;1;0;0;0;0;0;1;0;1;diversification;17
-0,485428;0;1;0;0;0;1;0;1;0;1;1;0;0;0;0;0;0;0;0;1;1;1;1;0;0;1;0;0;1;1;0;0;0;0;0;0;crossover;17
-1,656212;0;1;1;0;1;0;0;1;0;1;0;0;1;0;1;0;1;0;0;1;1;1;0;1;0;0;0;1;1;1;0;0;0;0;1;0;diversification;17
-0,567683;0;1;0;0;1;0;1;0;0;1;0;0;0;0;0;0;0;0;0;0;0;1;0;1;0;0;0;0;0;0;1;0;0;0;0;0;diversification;17
-1,183537;0;1;0;1;0;1;0;1;0;1;1;0;1;1;0;0;0;0;0;1;1;1;1;0;0;0;0;0;0;0;0;0;0;1;0;0;diversification;17
0,202246;0;1;0;0;1;0;0;1;0;1;0;0;1;0;0;0;0;0;0;0;0;1;0;1;0;0;0;0;0;0;0;0;0;1;0;0;crossover;18
0,196385;0;1;0;0;1;0;0;1;0;1;1;0;0;0;0;0;0;0;0;0;0;1;0;1;0;0;0;0;0;0;0;0;0;0;1;0;crossover;18
-0,537543;0;1;0;0;0;1;0;1;0;1;0;0;1;0;0;0;1;0;0;1;1;1;1;0;0;1;0;1;0;0;0;0;0;1;0;0;crossover;18
0,178099;0;1;0;0;0;1;0;1;0;1;0;0;1;0;0;0;1;0;0;1;1;1;1;0;0;0;0;0;0;1;0;0;0;0;0;0;crossover;18
0,160538;0;1;0;0;0;1;0;1;0;1;1;0;0;0;0;0;0;0;0;0;1;1;1;0;0;0;0;1;0;0;0;0;0;0;1;0;crossover;18
-0,532395;0;1;1;0;1;0;0;1;0;1;0;0;1;0;0;0;1;0;0;1;1;1;1;0;0;1;0;1;0;0;0;0;0;1;0;0;crossover;18
-0,488868;0;1;0;0;1;1;0;1;0;1;0;0;1;0;0;0;1;0;0;0;1;1;1;0;0;1;0;1;0;0;0;0;0;0;0;0;mutation;18
-0,519253;0;1;0;0;0;1;0;1;0;1;1;0;0;0;0;0;0;0;0;1;1;1;1;0;1;1;0;1;0;0;0;0;0;1;0;0;mutation;18
0,184036;0;1;0;0;0;1;0;1;0;1;1;0;0;0;0;0;0;0;0;0;0;1;0;0;0;0;0;1;0;0;0;0;0;0;0;0;crossover;18
-0,495873;0;1;0;0;0;1;0;1;0;0;0;0;0;0;0;0;0;0;0;1;1;1;1;0;0;1;0;0;1;1;0;0;0;0;0;0;crossover;18
-0,462645;0;1;0;0;1;0;0;1;0;1;0;0;1;0;0;0;1;0;0;0;1;1;1;0;1;1;0;1;0;1;0;0;0;0;0;0;crossover;18
0,212605;0;1;0;0;1;0;0;1;0;1;0;0;1;0;0;0;0;0;0;0;1;1;1;0;0;1;0;1;0;0;0;0;0;0;0;0;crossover;18
-0,521935;0;1;0;0;0;1;0;1;0;1;1;0;0;0;0;0;0;0;0;1;0;1;0;1;0;0;0;0;0;1;0;0;0;0;1;0;crossover;18
0,197974;0;1;0;0;1;0;0;1;0;1;0;0;1;0;0;0;0;0;0;0;1;1;0;1;0;1;0;1;0;0;0;0;0;0;1;0;crossover;19
0,180309;0;1;0;0;1;0;0;1;0;1;1;0;0;0;0;0;0;0;0;1;1;1;1;0;0;1;0;1;0;0;0;0;0;0;1;0;crossover;19
0,173725;0;1;0;0;0;1;0;1;0;1;0;0;1;0;0;0;0;0;0;1;1;1;1;0;0;1;0;1;0;0;0;0;0;0;1;0;crossover;19
0,192716;0;1;0;0;1;0;0;1;0;1;0;0;1;0;0;0;0;0;0;0;1;1;1;0;1;1;0;0;0;0;0;0;0;0;1;0;crossover;19
0,204284;0;1;0;0;1;0;0;1;0;1;1;0;0;0;0;0;0;0;0;0;0;1;0;1;0;0;0;1;0;1;0;0;0;0;0;0;crossover;19
0,176573;0;1;0;0;0;1;0;1;0;1;0;0;1;0;0;0;0;0;0;0;1;1;1;0;1;1;0;1;0;1;0;0;0;0;0;0;crossover;19
0,193720;0;1;0;0;1;0;0;1;0;1;0;0;1;0;0;0;0;0;0;1;1;1;1;0;0;1;0;1;0;0;0;0;0;0;0;0;crossover;19
-0,874766;0;1;0;0;1;0;0;1;0;1;0;0;1;0;0;0;1;0;0;0;1;1;1;0;1;1;0;1;0;1;0;0;0;0;1;0;crossover;19
0,194532;0;1;0;0;1;0;0;1;0;1;1;0;0;0;0;0;0;0;0;0;1;1;1;0;0;0;0;0;1;1;0;0;0;0;0;0;crossover;19
-0,527947;0;1;0;0;0;1;0;1;0;1;1;0;0;0;0;0;1;0;0;1;1;1;1;0;0;1;0;1;0;0;0;0;0;1;0;0;crossover;19
0,188225;0;1;0;0;1;0;0;1;0;1;0;0;1;0;0;0;0;0;0;0;1;1;1;0;0;1;0;1;1;0;0;0;0;0;1;0;crossover;20
0,208279;0;1;0;0;0;1;0;1;0;0;1;0;0;0;0;0;0;0;0;0;0;1;0;1;0;0;0;0;0;0;0;0;0;1;0;0;crossover;20
0,214010;0;1;0;0;1;0;0;1;0;1;0;0;0;0;0;0;0;0;0;0;0;1;0;0;0;0;0;1;0;0;0;0;0;0;0;0;crossover;20
0,239231;0;1;0;0;1;0;0;1;0;1;0;0;1;0;0;0;1;0;0;0;1;1;1;0;0;1;0;0;1;1;0;0;0;0;0;0;crossover;20
0,189226;0;1;0;0;1;0;0;1;0;1;1;0;0;0;0;0;0;0;0;0;1;1;1;0;0;0;0;1;1;0;0;0;0;0;1;0;crossover;20
0,172318;0;1;0;0;1;0;0;1;0;1;1;0;0;0;0;0;0;0;0;0;0;1;0;0;0;1;0;1;1;0;0;0;0;0;1;0;crossover;20
-0,450849;0;1;0;0;1;0;0;1;0;1;0;0;1;0;0;0;1;0;0;0;1;1;1;1;0;0;0;0;0;0;0;0;0;0;1;0;crossover;20
0,188900;0;1;0;0;1;0;0;1;0;1;0;0;1;0;0;0;0;0;0;0;1;1;1;0;0;1;0;1;0;0;0;0;0;0;1;0;crossover;20
0,162362;0;1;0;0;0;1;0;1;0;1;0;0;1;0;0;0;0;0;0;0;1;1;1;0;0;1;0;1;1;0;0;0;0;0;1;0;crossover;20
0,173680;0;1;0;0;0;1;0;1;0;1;1;0;0;0;0;0;0;0;0;0;1;1;1;0;0;0;0;0;1;1;0;0;0;0;0;0;crossover;20
0,224380;0;1;0;0;0;1;0;1;0;1;1;0;0;0;0;0;1;0;0;1;1;1;1;0;0;0;0;0;0;1;0;0;0;0;0;0;crossover;21
0,186231;0;1;0;0;1;0;0;1;0;1;0;0;1;0;0;0;0;0;0;1;1;1;1;0;0;1;0;1;0;1;0;0;0;0;0;0;crossover;21
-0,516554;0;1;0;0;1;0;0;1;0;1;0;0;1;0;0;0;0;0;0;0;1;1;1;0;1;1;0;1;1;0;0;0;0;0;1;0;crossover;21
0,199361;0;1;0;0;1;0;0;1;0;1;0;0;1;0;0;0;0;0;0;0;1;1;1;0;0;1;0;1;0;1;0;0;0;0;0;0;crossover;21
0,185903;0;1;0;0;1;0;0;1;0;1;1;0;0;0;0;0;0;0;0;1;1;1;1;0;0;1;0;1;0;0;0;0;0;0;0;0;crossover;21
0,080981;0;1;0;0;0;0;0;1;0;1;0;0;1;0;0;0;0;0;0;0;1;1;1;0;0;0;0;0;1;1;0;0;0;0;0;0;crossover;21
-0,468773;0;1;0;0;1;1;0;1;0;0;0;0;0;0;0;0;0;0;0;0;0;1;0;0;0;0;0;1;0;0;0;0;0;0;0;0;crossover;21
-0,510341;0;1;0;0;1;0;0;1;0;1;0;0;1;0;0;0;1;0;0;0;0;1;0;1;0;0;0;0;0;0;0;0;0;1;0;0;crossover;21
0,173604;0;1;0;0;0;1;0;1;0;0;1;0;0;0;0;0;0;0;0;1;1;1;1;0;0;1;0;1;0;0;0;0;0;0;1;0;crossover;21
-0,520688;0;1;0;0;1;0;0;1;0;1;1;0;0;0;0;0;0;0;0;1;1;1;1;1;0;0;0;1;0;1;0;0;0;0;0;0;crossover;22
0,187779;0;1;0;0;1;0;0;1;0;1;1;0;0;0;0;0;0;0;0;0;0;1;0;0;0;1;0;1;0;0;0;0;0;1;0;0;crossover;22
0,092198;0;1;0;0;0;0;0;1;0;1;0;0;1;0;0;0;0;0;0;0;1;1;1;0;1;1;0;1;0;1;0;0;0;0;0;0;crossover;22
-0,494215;0;1;0;0;1;1;0;1;0;1;1;0;0;0;0;0;0;0;0;1;1;1;1;0;0;1;0;1;0;0;0;0;0;0;1;0;crossover;22
-0,464289;0;1;0;0;0;1;0;1;0;1;1;0;1;0;0;0;1;0;0;0;1;1;1;0;0;1;0;0;1;1;0;0;0;0;0;0;crossover;23
0,157751;0;1;0;0;1;0;0;1;0;1;0;0;0;0;0;0;0;0;0;1;1;1;1;0;0;1;0;1;0;0;0;0;0;1;0;0;crossover;23
0,188537;0;1;0;0;1;0;0;1;0;1;1;0;0;0;0;0;0;0;0;0;0;1;0;1;0;0;0;1;0;0;0;0;0;1;0;0;crossover;23
-0,484429;0;1;0;0;1;1;0;1;0;1;1;0;0;0;0;0;0;0;0;1;1;1;1;0;0;1;0;1;0;0;0;0;0;1;0;0;crossover;23
0,082913;0;1;0;0;0;0;0;1;0;1;0;0;1;0;0;0;1;0;0;1;1;1;1;0;0;1;0;1;0;0;0;0;0;0;1;0;crossover;23
-0,515696;0;1;0;0;1;0;0;1;0;1;1;0;0;0;0;0;0;0;0;1;1;1;1;0;0;1;0;0;1;0;0;0;0;0;1;0;mutation;23
-1,221744;0;1;0;0;1;0;0;1;0;1;0;0;1;0;0;1;1;0;0;0;1;1;1;0;0;1;0;1;0;0;0;0;0;1;0;0;mutation;23
0,174092;0;1;0;0;0;1;0;1;0;1;1;0;0;0;0;0;1;0;0;1;1;1;1;0;0;1;0;1;0;0;0;0;0;0;1;0;crossover;23
-0,896259;0;1;0;0;0;1;0;1;0;1;0;0;1;0;0;0;1;0;0;1;1;1;1;0;1;1;0;1;0;1;0;0;0;0;0;0;crossover;23
0,239754;0;1;0;0;1;0;0;1;0;1;1;0;0;0;0;0;0;0;0;0;1;1;1;0;0;1;0;1;1;0;0;0;0;0;1;0;crossover;23
0,199506;0;1;0;0;0;1;0;1;0;1;0;0;0;0;0;0;0;0;0;0;0;1;0;0;0;0;0;1;0;0;0;0;0;0;0;0;crossover;24
0,223405;0;1;0;0;1;0;0;1;0;1;1;0;0;0;0;0;0;0;0;0;1;1;0;1;0;0;0;0;0;1;0;0;0;0;0;0;crossover;24
-0,477426;0;1;0;0;1;0;0;1;0;1;0;0;1;0;0;0;1;0;0;1;1;1;1;0;0;1;0;0;1;1;0;0;0;0;0;0;crossover;24
0,196975;0;1;0;0;1;0;0;1;0;1;0;0;1;0;0;0;1;0;0;0;1;1;1;0;0;0;0;0;0;1;0;0;0;0;0;0;crossover;24
0,160444;0;1;0;0;1;0;0;1;0;1;0;0;0;0;0;0;0;0;0;1;1;1;1;0;0;1;0;1;0;0;0;0;0;0;1;0;crossover;24
0,185450;0;1;0;0;0;1;0;1;0;1;0;0;1;0;0;0;1;0;0;0;0;1;0;0;0;0;0;1;0;0;0;0;0;0;0;0;crossover;24
0,195111;0;1;0;0;1;0;0;1;0;1;1;0;0;0;0;0;0;0;0;1;1;1;0;0;0;0;0;1;0;0;0;0;0;0;0;0;crossover;24
0,175726;0;1;0;0;1;0;0;1;0;1;0;0;0;0;0;0;0;0;0;0;0;1;1;0;0;1;0;1;0;0;0;0;0;1;0;0;crossover;24
0,197386;0;1;0;0;1;0;0;1;0;1;0;0;1;0;0;0;0;0;0;0;1;1;0;1;0;0;0;0;0;0;0;0;0;1;0;0;crossover;24
0,153808;0;1;0;0;0;1;0;1;0;0;0;0;0;0;0;0;0;0;0;1;1;1;1;0;0;1;0;1;0;0;0;0;0;1;0;0;crossover;24
0,209523;0;1;0;0;1;0;0;1;0;1;1;0;0;0;0;0;0;0;0;0;0;1;0;0;0;0;0;1;0;0;0;0;0;0;0;0;crossover;24
0,175973;0;1;0;0;0;1;0;1;0;1;0;0;1;0;0;0;0;0;0;0;1;1;1;0;0;1;0;1;0;0;0;0;0;0;0;0;crossover;24
-0,479227;0;1;0;0;0;1;0;1;0;1;0;1;1;0;0;0;1;0;0;0;1;1;1;0;0;1;0;1;1;0;0;0;0;0;1;0;mutation;25
-0,523377;0;1;0;1;1;0;0;1;0;1;0;0;1;0;0;0;0;0;0;0;1;1;1;0;1;1;0;1;0;1;0;0;0;0;0;0;mutation;25
0,187394;0;1;0;0;1;0;0;1;0;1;0;0;1;0;0;0;0;0;0;0;1;1;1;0;0;1;0;1;0;0;0;0;0;1;0;0;crossover;25
0,197689;0;1;0;0;1;0;0;1;0;1;0;0;0;0;0;0;0;0;0;0;1;1;1;0;0;0;0;0;1;1;0;0;0;0;0;0;crossover;26
-0,524552;0;1;0;0;1;1;0;1;0;1;0;0;1;0;0;0;1;0;0;0;1;1;1;0;0;1;0;1;1;0;0;0;0;0;1;0;crossover;26
0,173593;0;1;0;0;0;1;0;1;0;1;0;0;1;0;0;0;1;0;0;0;1;1;1;0;0;0;0;0;1;1;0;0;0;0;0;0;crossover;26
-0,457641;0;1;0;0;1;0;0;1;0;1;0;0;1;0;0;0;1;0;0;0;1;1;1;0;0;1;0;0;1;1;0;0;0;0;1;0;crossover;26
0,226453;0;1;0;0;1;0;0;1;0;1;1;0;0;0;0;0;1;0;0;1;1;1;1;0;0;1;0;1;0;0;0;0;0;0;1;0;crossover;26
-0,494271;0;1;0;0;1;0;0;1;0;1;1;0;1;0;0;0;0;0;0;0;1;1;1;0;0;0;0;0;1;1;0;0;0;0;0;0;crossover;26
0,183203;0;1;0;0;1;0;0;1;0;1;1;0;0;0;0;0;0;0;0;0;1;1;1;0;0;1;0;1;0;0;0;0;0;0;1;0;crossover;27
-0,488194;0;1;0;0;1;0;0;1;0;1;0;0;1;0;0;0;1;0;0;1;1;1;1;0;0;1;0;1;1;0;0;0;0;0;1;0;crossover;27
0,161754;0;1;0;0;0;1;0;1;0;1;0;0;0;0;0;0;0;0;0;0;0;1;1;0;0;1;0;1;1;0;0;0;0;0;1;0;crossover;27
0,182399;0;1;0;0;0;1;0;1;0;1;0;0;1;0;0;0;1;0;0;0;1;1;0;0;0;0;0;1;0;0;0;0;0;0;0;0;crossover;27
0,171550;0;1;0;0;0;1;0;1;0;1;1;0;0;0;0;0;1;0;0;0;1;1;1;0;0;0;0;0;0;1;0;0;0;0;0;0;crossover;27
0,195997;0;1;0;0;1;0;0;1;0;1;1;0;0;0;0;0;0;0;0;0;1;1;0;1;0;0;0;0;1;1;0;0;0;0;0;0;crossover;27
0,177258;0;1;0;0;0;1;0;1;0;1;1;0;0;0;0;0;0;0;0;1;1;1;1;0;0;1;0;0;0;1;0;0;0;0;0;0;crossover;27
0,154394;0;1;0;0;0;1;0;1;0;1;1;0;0;0;0;0;1;0;0;1;1;1;1;0;0;0;0;1;0;0;0;0;0;0;1;0;crossover;27
0,167972;0;1;0;0;0;1;0;1;0;1;1;0;0;0;0;0;1;0;0;1;0;1;0;0;0;0;0;1;0;0;0;0;0;0;0;0;crossover;27
0,192711;0;1;0;0;1;0;0;1;0;1;0;0;0;0;0;0;0;0;0;0;1;1;1;0;0;0;0;0;0;1;0;0;0;0;0;0;crossover;27
-0,553743;0;0;0;0;1;0;0;1;0;0;1;0;0;0;0;0;0;0;0;0;1;1;1;0;0;1;0;0;0;0;0;1;0;1;0;0;diversification;28
0,229743;0;1;0;0;1;0;0;0;0;1;1;0;0;0;0;0;0;0;0;0;1;0;0;0;0;0;1;0;0;0;0;0;0;0;0;0;diversification;28
0,110075;0;1;0;1;0;0;0;0;0;1;0;0;0;0;0;0;1;0;0;0;1;0;0;0;0;0;0;0;0;1;0;0;0;0;0;0;diversification;28
0,152768;0;1;0;0;0;1;0;0;0;0;1;0;0;0;0;0;1;0;0;0;0;0;0;0;0;1;0;1;0;0;0;0;0;0;0;0;diversification;28
-1,446259;1;1;0;1;1;0;0;1;0;1;0;0;1;0;0;0;1;0;0;1;0;1;0;0;1;1;0;1;0;0;0;0;0;0;1;0;diversification;28
-1,238720;0;1;1;0;0;1;0;1;0;1;0;0;0;0;0;1;1;0;1;0;1;1;0;0;0;0;0;0;0;0;0;0;0;0;0;0;diversification;28
-0,518744;0;1;0;0;1;0;0;1;1;1;0;0;0;0;0;0;0;0;0;0;0;0;0;0;0;0;0;0;0;0;0;0;0;0;0;0;diversification;28
0,184190;0;1;0;0;0;1;0;1;0;0;1;0;0;0;0;0;0;0;0;0;1;1;1;0;0;1;0;1;1;0;0;0;0;0;1;0;crossover;28
-0,532437;0;1;0;0;1;0;0;0;0;1;0;0;1;1;0;0;0;0;0;0;0;0;0;1;0;0;0;1;1;1;0;0;0;0;0;0;diversification;28
-0,925367;1;1;0;0;1;0;0;1;0;1;0;0;1;0;0;0;0;0;0;0;0;1;1;0;0;0;0;0;0;0;0;1;0;0;0;0;diversification;28
-0,524602;0;1;0;1;0;1;0;1;0;1;1;0;0;0;0;0;0;0;0;1;0;0;1;0;0;1;0;0;0;0;0;0;0;0;0;0;diversification;28
0,190596;0;1;0;0;1;0;0;1;0;1;0;0;0;0;0;0;0;0;0;0;1;1;1;0;0;0;0;0;0;0;0;0;0;1;0;0;crossover;28
0,125311;1;1;0;0;0;0;0;1;0;1;0;0;0;0;0;0;0;0;0;0;0;0;0;0;0;1;0;1;0;0;0;0;0;0;0;0;diversification;28
-0,643564;0;1;0;0;0;0;0;1;0;1;0;0;0;0;0;0;0;0;1;0;0;1;1;1;0;0;0;1;0;0;0;0;0;0;0;0;diversification;28
-0,500139;0;1;0;0;1;0;0;1;0;1;1;0;0;0;0;0;0;0;0;1;1;1;1;0;0;1;0;0;1;1;0;0;0;0;0;0;crossover;29
0,203257;0;1;0;0;1;0;0;1;0;1;0;0;1;0;0;0;0;0;0;0;0;1;1;0;0;1;0;1;0;0;0;0;0;1;0;0;crossover;29
0,190175;0;1;0;0;1;0;0;1;0;1;1;0;0;0;0;0;0;0;0;1;1;1;0;1;0;0;0;0;0;0;0;0;0;1;0;0;crossover;29
-0,514659;0;1;0;0;1;0;0;1;0;1;1;0;0;0;0;0;0;0;0;1;1;1;1;0;0;1;0;1;1;0;0;0;0;0;1;0;crossover;29
-0,516777;0;1;0;0;1;0;0;1;0;1;0;0;1;0;0;0;1;0;0;0;1;1;1;0;0;1;0;1;0;0;0;0;0;1;0;0;crossover;29
-0,486313;0;1;0;0;1;0;0;1;0;1;0;0;1;0;0;0;0;0;0;0;1;1;1;1;0;0;0;0;0;0;0;0;0;1;0;0;crossover;29
0,198192;0;1;0;0;1;0;0;1;0;1;1;0;0;0;0;0;0;0;0;0;0;1;0;0;0;1;0;1;0;0;0;0;0;0;0;0;crossover;29
0,161434;0;0;0;0;1;0;0;1;0;0;1;0;0;0;0;0;0;0;0;0;1;1;1;0;0;1;0;0;0;1;0;0;0;0;0;0;crossover;29
-0,502049;0;1;0;0;1;0;0;1;0;1;0;0;1;0;0;0;0;0;0;0;1;1;0;1;0;0;0;0;0;0;0;1;0;1;0;0;crossover;29
-0,529716;0;1;0;0;0;1;0;1;0;1;0;0;1;0;0;0;1;0;0;0;1;1;1;0;0;1;0;1;0;0;0;0;0;1;0;0;crossover;29
0,178588;0;1;0;0;1;0;0;1;0;1;0;0;1;0;0;0;1;0;0;0;1;1;1;0;0;1;0;1;0;0;0;0;0;0;1;0;crossover;30
0,237420;0;1;0;0;1;0;0;1;0;1;0;0;1;0;0;0;0;0;0;0;0;1;0;0;0;0;0;1;0;0;0;0;0;0;0;0;crossover;30
0,168906;0;1;0;0;0;1;0;1;0;0;0;0;0;0;0;0;1;0;0;0;1;1;1;0;0;1;0;1;1;0;0;0;0;0;1;0;crossover;30
0,174737;0;1;0;0;1;0;0;0;0;1;1;0;0;0;0;0;0;0;0;1;1;1;1;0;0;1;0;1;0;1;0;0;0;0;0;0;mutation;30
-0,476431;0;1;0;0;0;1;0;1;0;1;1;0;0;0;0;0;0;0;0;1;1;1;1;0;0;1;1;1;0;0;0;0;0;1;0;0;mutation;30
-0,528298;0;1;0;0;1;0;0;0;0;1;1;0;0;0;0;0;0;0;0;1;1;1;1;0;0;1;0;0;1;1;0;0;0;0;0;0;crossover;31
0,199293;0;1;0;0;1;0;0;1;0;1;0;0;1;0;0;0;0;0;0;0;1;1;1;0;0;1;0;0;1;1;0;0;0;0;0;0;crossover;31
0,156079;0;1;0;0;0;1;0;1;0;0;0;0;0;0;0;0;1;0;0;0;1;1;1;0;0;1;0;1;0;0;0;0;0;0;1;0;crossover;31
-0,501342;0;1;0;0;0;1;0;1;0;1;0;0;1;0;0;0;1;0;0;1;1;1;1;0;0;1;0;1;1;0;0;0;0;0;1;0;crossover;31
-0,494867;0;1;0;0;0;1;0;1;0;1;1;0;0;0;0;0;1;0;0;1;1;1;1;0;0;1;0;0;1;1;0;0;0;0;0;0;crossover;31
-0,872728;0;1;0;0;1;0;0;1;0;1;1;0;0;0;0;1;1;0;0;0;1;1;1;0;0;0;0;0;1;1;0;0;0;0;0;0;mutation;31
-0,530534;0;1;0;1;0;1;0;1;0;1;1;0;0;0;0;0;0;0;0;1;1;1;1;0;0;1;0;1;0;0;0;0;0;1;0;0;mutation;31
0,179703;0;1;0;0;1;0;0;1;0;1;1;0;0;0;0;0;1;0;0;1;1;1;1;0;0;0;0;0;0;1;0;0;0;0;0;0;crossover;31
0,189934;0;1;0;0;1;0;0;1;0;1;1;0;0;0;0;0;0;0;0;0;1;1;1;0;0;1;0;1;1;0;0;0;0;0;0;0;crossover;32
-0,481049;0;1;0;0;1;0;0;1;0;1;1;0;0;0;0;0;0;0;0;0;1;1;0;1;0;0;0;0;0;1;0;0;0;0;1;0;crossover;32
0,165054;0;1;0;0;0;1;0;1;0;1;0;0;0;0;0;0;0;0;0;0;0;1;0;0;0;0;0;1;0;0;0;0;0;0;1;0;crossover;32
0,184471;0;1;0;0;1;0;0;1;0;1;1;0;0;0;0;0;0;0;0;0;1;1;0;1;0;1;0;1;1;0;0;0;0;0;1;0;crossover;32
0,219740;0;1;0;0;1;0;0;1;0;1;1;0;0;0;0;0;0;0;0;0;1;1;1;0;0;0;0;0;0;1;0;0;0;0;0;0;crossover;32
-0,040591;0;1;0;0;0;0;0;1;0;1;0;0;0;0;0;0;0;0;0;0;0;1;0;0;0;0;0;1;0;0;0;0;0;0;0;0;crossover;32
0,042089;0;1;0;0;0;0;0;1;0;1;0;0;1;0;0;0;0;0;0;0;0;1;0;0;0;0;0;1;0;0;0;0;0;0;0;0;crossover;33
0,206794;0;1;0;0;1;0;0;1;0;1;1;0;0;0;0;0;0;0;0;0;1;1;1;0;0;1;0;1;0;0;0;0;0;0;0;0;crossover;33
0,203842;0;1;0;0;1;0;0;1;0;1;0;0;1;0;0;0;0;0;0;0;0;1;0;0;0;0;0;1;1;0;0;0;0;0;1;0;crossover;33
0,237130;0;1;0;0;1;0;0;1;0;1;1;0;0;0;0;0;0;0;0;0;1;1;1;0;1;1;0;1;0;1;0;0;0;0;0;0;crossover;33
0,204177;0;1;0;0;1;0;0;1;0;1;0;0;1;0;0;0;0;0;0;0;0;1;1;0;0;1;0;0;1;1;0;0;0;0;0;0;crossover;33
0,214095;0;1;0;0;1;0;0;1;0;1;0;0;1;0;0;0;1;0;0;0;1;1;0;0;0;0;0;1;0;0;0;0;0;0;0;0;crossover;33
0,245277;0;1;0;0;1;0;0;1;0;0;0;0;0;0;0;0;0;0;0;0;0;1;0;0;0;0;0;1;0;0;0;0;0;0;0;0;crossover;33
0,235678;0;1;0;0;1;0;0;1;0;1;1;0;0;0;0;0;0;0;0;0;1;1;1;0;0;1;0;1;1;0;0;0;0;1;0;0;crossover;33
0,194073;0;1;0;0;0;1;0;1;0;0;1;0;0;0;0;0;0;0;0;0;0;1;0;1;0;0;0;0;0;0;0;0;0;0;1;0;crossover;33
0,176592;0;1;0;0;0;1;0;1;0;1;1;0;0;0;0;0;1;0;0;0;1;1;1;0;0;1;0;0;1;1;0;0;0;0;0;0;crossover;33
0,151294;0;1;0;0;0;1;0;1;0;1;1;0;0;0;0;0;0;0;0;1;1;1;1;0;0;0;0;1;0;0;0;0;0;0;0;0;crossover;34
0,214917;0;1;0;0;1;0;0;1;0;1;0;0;1;0;0;0;0;0;0;0;0;1;0;0;0;1;0;1;0;0;0;0;0;1;0;0;crossover;34
0,206601;0;1;0;0;1;0;0;1;0;1;0;0;1;0;0;0;0;0;0;0;0;1;0;0;0;0;0;1;0;0;0;0;0;0;1;0;crossover;34
0,233322;0;1;0;0;1;0;0;1;0;1;1;0;0;0;0;0;1;0;0;0;1;1;1;0;0;0;0;0;1;1;0;0;0;0;0;0;crossover;34
0,200529;0;1;0;0;0;1;0;1;0;1;0;0;1;0;0;0;0;0;0;0;0;1;0;0;0;0;0;1;0;0;0;0;0;0;0;0;crossover;34
0,213847;0;1;0;0;1;0;0;1;0;1;0;0;1;0;0;0;0;0;0;0;0;1;0;0;0;0;0;0;1;1;0;0;0;0;0;0;crossover;35
0,179598;0;1;0;0;1;0;0;1;0;1;1;0;0;0;0;0;0;0;0;0;1;1;1;0;0;1;0;1;0;0;0;0;0;1;0;0;crossover;35
0,180405;0;1;0;0;0;1;0;1;0;1;1;0;0;0;0;0;0;0;0;0;1;1;1;0;1;1;0;1;0;1;0;0;0;0;0;0;crossover;35
-0,535380;0;1;0;0;0;1;0;1;0;1;1;0;0;0;0;0;1;0;0;0;1;1;1;0;1;1;0;1;0;1;0;0;0;0;0;0;crossover;36
-0,517044;0;1;0;0;1;0;0;1;0;1;0;0;1;0;0;0;0;0;0;0;1;1;1;0;1;1;0;1;0;1;0;0;0;0;1;0;crossover;36
0,158553;0;1;0;0;0;1;0;1;0;1;0;0;1;0;0;0;1;0;0;1;1;1;1;0;0;1;0;1;0;0;0;0;0;0;0;0;crossover;36
0,183694;0;1;0;0;1;0;0;1;0;1;1;0;0;0;0;0;0;0;0;0;1;1;1;0;0;1;0;1;0;1;0;0;0;0;0;0;crossover;36
0,159964;0;1;0;0;0;1;0;1;0;1;1;0;0;0;0;0;0;0;0;0;1;1;1;0;0;1;0;1;1;0;0;0;0;0;1;0;crossover;36
-0,467362;0;1;0;0;1;0;0;1;0;1;1;0;1;0;0;0;0;0;0;0;1;1;1;0;1;1;0;1;0;1;0;0;0;0;0;0;crossover;36
0,234215;0;1;0;0;1;0;0;1;0;1;1;0;0;0;0;0;1;0;0;1;1;1;1;0;0;1;0;0;0;1;0;0;0;0;0;0;crossover;37
0,199895;0;1;0;0;1;0;0;1;0;1;1;0;0;0;0;0;0;0;0;0;1;1;0;1;0;0;0;1;0;0;0;0;0;0;1;0;crossover;37
0,189172;0;1;0;0;1;0;0;1;0;1;0;0;0;0;0;0;0;0;0;0;1;1;1;0;1;1;0;1;0;1;0;0;0;0;0;0;crossover;37
-0,453497;0;1;0;0;1;0;0;1;0;1;1;0;1;0;0;0;1;0;0;0;1;1;1;0;0;1;0;0;1;1;0;0;0;0;0;0;crossover;37
-0,874738;0;1;0;0;1;0;0;1;0;1;1;0;1;0;0;0;0;0;0;0;1;1;1;0;1;1;0;1;0;1;1;0;0;0;0;0;mutation;38
0,235818;0;1;0;0;1;0;0;1;0;1;1;0;0;0;0;0;1;0;0;0;1;1;1;0;0;1;0;0;1;1;0;0;0;0;0;0;crossover;38
-0,466625;0;1;0;0;1;0;0;0;0;1;1;0;0;0;0;0;0;0;0;0;1;0;0;0;0;0;1;0;0;0;0;0;0;1;0;0;crossover;38
0,192162;0;1;0;0;1;0;0;1;0;1;1;0;0;0;0;0;0;0;0;1;1;1;0;1;0;0;0;0;0;1;0;0;0;0;0;0;crossover;38
0,210166;0;1;0;0;1;0;0;1;0;1;1;0;0;0;0;0;1;0;0;0;0;1;0;0;0;0;0;1;0;0;0;0;0;0;0;0;crossover;38
-0,463767;0;1;0;0;1;0;0;1;0;1;1;0;0;0;0;0;1;0;0;0;1;1;1;0;1;1;0;1;0;1;0;0;0;0;0;0;crossover;38
0,184398;0;1;0;0;1;0;0;1;0;1;0;0;1;0;0;0;0;0;0;0;1;1;1;0;0;1;0;1;1;0;0;0;0;1;0;0;crossover;39
0,240041;0;1;0;0;1;0;0;1;0;1;0;0;1;0;0;0;0;0;0;0;1;1;1;0;1;1;0;1;0;0;0;0;0;1;0;0;crossover;39
0,174223;0;1;0;0;1;0;0;1;0;0;0;0;0;0;0;0;1;0;0;1;1;1;1;0;0;1;0;1;0;0;0;0;0;0;1;0;crossover;39
0,072647;0;1;0;0;0;0;0;1;0;1;1;0;0;0;0;0;0;0;0;0;1;1;0;1;0;0;0;0;0;1;0;0;0;0;0;0;crossover;39
0,186717;0;1;0;0;1;0;0;1;0;0;0;0;0;0;0;0;0;0;0;0;0;1;0;0;0;1;0;1;1;0;0;0;0;0;1;0;crossover;40
0,196557;0;1;0;0;1;0;0;1;0;1;0;0;1;0;0;0;1;0;0;0;1;1;1;0;0;0;0;1;0;0;0;0;0;0;0;0;crossover;40
0,206231;0;1;0;0;1;0;0;1;0;1;0;0;1;0;0;0;0;0;0;0;0;1;0;0;0;0;0;1;1;1;0;0;0;0;0;0;crossover;40
0,197997;0;1;0;0;1;0;0;1;0;1;0;0;1;0;0;0;1;0;0;0;1;1;1;0;0;1;0;0;0;0;0;0;0;0;0;0;crossover;40
0,157021;0;1;0;0;1;0;0;1;0;1;0;0;0;0;0;0;1;0;0;0;1;1;1;0;0;0;0;0;1;1;0;0;0;0;0;0;crossover;41
0,177553;0;1;0;0;1;0;0;1;0;1;1;0;0;0;0;0;1;0;0;1;1;1;1;0;0;0;0;1;0;0;0;0;0;0;0;0;crossover;41
0,211987;0;1;0;0;1;0;0;1;0;1;0;0;1;0;0;0;0;0;0;0;0;1;0;0;0;1;0;1;0;0;0;0;0;0;1;0;crossover;41
0,222398;0;1;0;0;1;0;0;1;0;0;0;0;0;0;0;0;0;0;0;0;0;1;0;0;0;0;0;1;0;0;0;0;0;0;1;0;crossover;41
-0,523929;0;1;0;0;1;0;0;1;0;1;0;0;1;0;0;0;1;0;0;0;1;1;1;0;0;1;0;1;1;0;0;0;0;1;0;0;crossover;41
0,182421;0;1;0;0;1;0;0;1;0;0;0;0;0;0;0;0;0;0;0;0;1;1;1;0;0;1;0;1;0;0;0;0;0;1;0;0;crossover;41
0,212117;0;1;0;0;1;0;0;1;0;1;1;0;0;0;0;0;0;0;0;1;0;1;0;0;0;0;0;1;0;0;0;0;0;0;0;0;crossover;41
0,236429;0;1;0;0;1;0;0;1;0;1;1;0;0;0;0;0;0;0;0;0;1;1;1;0;1;1;0;1;0;0;0;0;0;1;0;0;crossover;42
0,192990;0;1;0;0;1;0;0;1;0;1;1;0;0;0;0;0;0;0;0;0;1;1;1;0;0;1;0;0;1;1;0;0;0;0;0;0;crossover;42
0,155886;0;1;0;0;1;0;0;1;0;1;0;0;0;0;0;0;0;0;0;0;1;1;1;0;0;1;0;1;1;0;0;0;0;0;1;0;crossover;42
-0,454794;0;1;0;0;1;0;0;1;0;1;1;0;1;0;0;0;0;0;0;0;0;1;0;0;0;0;0;1;0;0;0;0;0;0;0;0;crossover;42
0,228802;0;1;0;0;1;0;0;1;0;1;1;0;0;0;0;0;1;0;0;0;1;1;1;0;0;1;0;1;1;0;0;0;0;0;1;0;crossover;43
0,209300;0;1;0;0;1;0;0;1;0;1;0;0;1;0;0;0;0;0;0;0;0;1;0;0;0;1;0;0;0;1;0;0;0;0;0;0;crossover;43
0,228118;0;1;0;0;1;0;0;1;0;0;0;0;0;0;0;0;0;0;0;0;0;1;0;0;0;0;0;1;0;0;0;0;0;1;0;0;crossover;43
0,190011;0;1;0;0;1;0;0;1;0;1;0;0;1;0;0;0;0;0;0;0;1;1;1;0;1;1;0;1;0;0;0;0;0;0;0;0;crossover;43
-0,470363;0;1;0;0;1;0;0;1;0;1;1;0;0;0;0;0;0;0;0;1;1;1;1;0;1;1;0;1;0;1;0;0;0;0;0;0;crossover;43
-2,111209;0;1;0;0;1;0;0;1;0;1;1;0;0;0;0;0;0;0;1;0;1;1;1;0;0;1;1;1;1;0;0;1;1;1;1;0;diversification;44
-1,923200;0;1;1;0;1;0;0;0;0;1;1;1;1;0;0;0;1;1;0;0;1;1;1;1;0;1;0;0;1;1;0;0;0;0;1;0;diversification;44
0,216268;0;1;0;0;1;0;0;1;0;1;0;0;0;0;0;0;0;0;0;0;1;0;0;0;0;0;1;0;0;0;0;0;0;0;0;0;crossover;44
-0,642150;0;0;0;1;1;0;0;1;0;0;0;0;1;0;0;0;0;0;0;0;0;1;1;0;0;1;0;1;1;0;0;0;0;0;1;0;diversification;44
-0,500969;0;1;0;1;1;0;0;1;0;0;0;0;1;0;1;0;0;0;0;0;0;0;0;0;0;1;0;1;0;0;0;0;0;0;0;0;diversification;44
0,062444;0;1;0;0;0;0;0;1;0;1;0;0;0;0;1;0;0;0;0;0;1;1;1;0;0;1;0;1;0;0;0;0;0;0;0;0;diversification;44
-0,929493;0;1;0;0;1;1;0;0;0;1;1;0;0;0;0;0;0;0;0;0;1;1;1;0;1;1;1;1;0;1;0;0;0;0;0;0;diversification;44
-1,500244;0;0;0;0;0;0;0;1;0;1;0;0;1;1;0;0;0;0;0;0;1;0;1;0;1;0;0;1;0;1;0;0;0;1;0;0;diversification;44
-1,191576;0;1;0;1;1;0;0;1;0;1;0;0;1;0;0;1;0;0;0;0;1;1;1;1;0;0;0;1;0;0;0;0;0;1;0;0;diversification;44
-1,468697;0;1;0;0;1;0;1;1;0;0;0;0;1;0;1;0;0;0;0;0;1;1;1;1;0;1;0;1;0;0;0;0;0;1;1;0;diversification;44
0,191620;0;1;0;0;1;0;0;1;0;1;1;0;0;0;0;0;0;0;0;0;0;1;0;1;0;0;0;1;0;0;0;0;0;0;0;0;mutation;44
-1,614342;0;1;0;0;1;1;1;1;0;1;1;1;0;0;0;1;0;0;0;1;1;1;1;0;0;1;0;0;0;1;0;0;0;0;0;0;diversification;44
-1,253179;0;1;0;0;1;0;0;0;0;1;0;0;1;0;0;0;1;0;0;0;0;1;1;0;0;0;0;1;1;1;1;0;0;0;1;0;diversification;44
-0,910619;0;1;0;0;1;0;0;1;0;0;0;0;1;0;0;0;0;1;0;0;1;1;1;1;0;1;0;0;1;0;0;0;0;0;0;0;diversification;44
-0,462060;0;1;0;0;1;0;0;1;0;1;1;0;0;0;0;0;0;0;0;1;1;1;1;0;0;1;0;1;0;0;0;0;0;1;1;0;crossover;44
-1,690481;0;1;0;0;0;0;0;1;0;0;1;0;0;0;0;0;0;1;0;1;1;0;1;0;0;1;0;0;1;1;0;0;0;1;0;0;diversification;44
0,165067;0;1;0;0;1;0;0;0;0;1;1;0;0;0;0;0;0;0;0;0;1;1;1;0;1;1;0;0;0;1;0;0;0;0;0;1;diversification;44
0,241072;0;1;0;0;1;0;0;1;0;1;0;0;1;0;0;0;0;0;0;0;1;1;1;0;1;1;0;1;0;0;0;0;0;0;1;0;crossover;45
0,207883;0;1;0;0;1;0;0;1;0;1;1;0;0;0;0;0;0;0;0;0;1;1;1;0;0;0;0;1;0;0;0;0;0;0;0;0;crossover;45
0,188664;0;1;0;0;1;0;0;1;0;1;0;0;1;0;0;0;0;0;0;0;0;1;0;0;0;1;0;1;1;0;0;0;0;0;1;0;crossover;45
-0,512095;0;1;0;0;1;0;0;1;0;1;1;0;0;0;0;0;0;0;0;1;1;1;1;0;1;1;0;1;0;0;0;0;0;1;0;0;crossover;46
0,231279;0;1;0;0;1;0;0;1;0;1;1;0;0;0;0;0;1;0;0;0;1;1;1;0;0;1;0;1;1;0;0;0;0;0;0;0;crossover;47
-0,516382;0;1;0;0;1;0;0;1;0;1;1;0;0;0;0;0;0;0;0;0;1;1;1;0;1;1;0;1;1;0;0;0;0;1;0;0;crossover;47
-0,870564;0;1;0;0;1;0;0;1;0;1;1;0;0;0;0;0;1;0;0;0;1;1;1;0;1;1;0;1;0;0;0;0;0;1;0;0;crossover;48
-0,871551;0;1;0;0;1;0;0;1;0;1;1;0;0;0;0;0;1;0;0;0;1;1;1;0;0;0;0;0;1;1;0;0;0;1;0;0;crossover;48
0,182063;0;1;0;0;1;0;0;0;0;1;1;0;0;0;0;0;0;0;0;1;1;1;1;0;0;1;0;1;0;0;0;0;0;1;0;0;crossover;48
0,223759;0;1;0;0;1;0;0;1;0;1;1;0;0;0;0;0;0;0;0;0;1;0;0;0;0;0;1;0;0;0;0;0;0;0;0;0;crossover;48
0,187205;0;1;0;0;1;0;0;1;0;0;0;0;0;0;0;0;0;0;0;0;1;1;1;0;0;0;0;0;1;1;0;0;0;0;0;0;crossover;49
-0,468593;0;1;0;0;1;0;0;1;0;1;1;0;0;0;0;0;1;0;0;0;1;1;1;0;1;1;0;1;0;0;0;0;0;0;1;0;crossover;49
-0,928618;0;1;0;0;1;0;0;1;0;1;0;0;1;0;0;0;1;0;0;0;1;1;1;0;1;1;0;1;0;0;0;0;0;1;0;0;crossover;49
-0,523762;0;1;0;0;1;0;0;1;0;1;1;0;0;0;0;0;1;0;0;0;1;1;1;0;0;1;0;1;0;0;0;0;0;1;0;0;crossover;50
0,172744;0;1;0;0;1;0;0;1;0;0;0;0;0;0;0;0;0;0;0;0;1;1;1;0;1;1;0;1;0;0;0;0;0;1;0;0;crossover;50
-0,460570;0;1;0;0;1;0;0;1;0;1;0;0;1;0;0;0;0;0;0;0;1;1;1;1;1;1;0;1;0;0;0;0;0;1;0;0;mutation;50
-0,459105;0;1;0;0;1;0;0;1;0;1;0;0;1;0;0;0;0;0;0;0;1;1;1;0;1;1;0;1;0;1;0;1;0;0;0;0;mutation;50
0,160408;0;1;0;0;1;0;0;1;0;0;0;0;0;0;0;0;1;0;0;1;1;1;1;0;0;1;0;0;0;1;0;0;0;0;0;0;crossover;51
0,171199;0;1;0;0;1;0;0;1;0;1;1;0;0;0;0;0;0;0;0;1;1;1;0;0;0;0;0;1;0;0;0;0;0;1;0;0;crossover;51
-0,508218;0;1;0;0;1;0;0;1;0;1;1;0;0;0;0;0;1;0;0;0;1;1;1;0;0;0;0;1;0;0;0;0;0;1;0;0;crossover;52
-0,471471;0;1;0;0;1;0;0;1;0;1;1;0;0;0;0;0;1;0;0;1;1;1;1;0;0;1;0;1;0;0;0;0;0;1;0;0;crossover;52
0,185192;0;1;0;0;1;0;0;1;0;1;0;0;1;0;0;0;0;0;0;0;0;1;1;0;0;1;0;1;1;0;0;0;0;0;1;0;crossover;52
0,226269;0;1;0;0;1;0;0;1;0;1;1;0;0;0;0;0;0;0;0;0;1;1;0;0;0;0;0;1;0;0;0;0;0;0;0;0;crossover;52
0,197121;0;1;0;0;1;0;0;1;0;1;0;0;1;0;0;0;0;0;0;0;1;1;1;0;1;0;0;1;0;0;0;0;0;0;0;0;crossover;52
0,190897;0;1;0;0;1;0;0;1;0;0;0;0;0;0;0;0;0;0;0;0;0;1;0;0;0;1;0;1;0;1;0;0;0;0;0;0;crossover;52
0,186824;0;1;0;0;1;0;0;1;0;0;0;0;0;0;0;0;0;0;0;1;1;1;1;0;0;1;0;1;0;0;0;0;0;1;0;0;crossover;53
0,172952;0;1;0;0;1;0;0;1;0;1;1;0;0;0;0;0;1;0;0;0;1;1;1;0;0;1;0;1;0;0;0;0;0;0;1;0;crossover;53
-0,523944;0;1;0;0;1;0;0;1;0;1;1;0;0;0;0;0;1;0;0;1;1;1;1;0;0;0;0;0;1;1;0;0;0;0;0;0;crossover;53
0,210623;0;1;0;0;1;0;0;1;0;1;1;0;0;0;0;0;0;0;0;0;0;1;0;0;0;1;0;1;0;1;0;0;0;0;0;0;crossover;53
0,237450;0;1;0;0;1;0;0;1;0;1;1;0;0;0;0;0;0;0;0;0;1;1;1;0;1;1;0;1;0;0;0;0;0;0;1;0;crossover;53
-0,504246;0;1;0;0;1;0;0;1;0;0;0;0;0;0;0;0;0;0;0;1;1;1;1;1;0;1;0;1;0;0;0;0;0;1;0;0;mutation;53
-0,493473;0;1;0;0;1;0;0;1;0;1;1;0;1;0;0;0;0;0;0;0;0;1;0;0;0;1;0;1;0;1;0;0;0;0;0;0;mutation;53
0,177572;0;1;0;0;1;0;0;1;0;1;1;0;0;0;0;0;0;0;0;1;0;1;1;0;0;1;0;1;0;0;0;0;0;1;0;0;mutation;53
0,200091;0;1;0;0;1;0;0;1;0;0;1;0;0;0;0;0;0;0;0;1;1;1;1;0;0;1;0;1;0;0;0;0;0;1;0;0;mutation;53
-0,583114;1;1;0;0;1;0;0;0;0;1;0;0;0;0;0;0;1;0;0;0;1;0;1;0;0;1;0;1;0;0;0;0;0;0;1;0;diversification;54
-1,281776;1;1;1;0;1;0;1;1;0;1;0;0;1;0;0;0;0;0;0;0;1;1;1;0;1;1;0;1;0;0;0;0;0;0;1;0;diversification;54
0,117063;0;0;0;0;1;0;0;1;0;0;1;0;0;0;0;0;1;0;0;1;1;1;1;0;0;0;0;1;0;0;0;0;0;0;0;0;diversification;54
0,176266;0;1;0;0;1;0;0;0;0;0;1;0;0;0;0;1;0;0;0;0;0;1;1;0;0;1;0;1;0;1;0;0;0;0;0;1;diversification;54
-0,582930;0;0;0;0;1;0;0;1;0;1;0;0;0;0;0;0;0;0;0;0;0;1;1;1;1;1;0;1;0;1;0;1;0;0;0;0;diversification;54
0,253205;0;1;0;0;0;1;0;1;0;0;0;0;1;0;0;0;0;0;0;0;0;0;0;0;0;0;0;0;0;0;0;0;0;0;0;0;diversification;54
-1,776336;1;1;0;0;1;1;0;1;0;0;1;0;0;0;0;1;0;0;0;1;1;1;1;0;0;1;0;1;1;0;0;0;0;0;1;0;diversification;54
-1,934498;1;1;0;0;1;0;1;1;0;1;1;1;0;0;0;0;1;0;0;1;1;1;1;0;1;1;0;0;0;1;1;0;0;0;0;0;diversification;54
0,125259;0;0;0;0;1;0;0;1;0;1;0;0;0;1;0;0;0;0;0;1;0;1;0;0;0;0;0;1;0;0;0;0;1;0;0;0;diversification;54
-0,520499;0;1;1;0;1;0;0;1;1;1;0;0;0;0;0;0;0;0;0;0;1;1;1;0;0;1;0;0;0;0;0;0;0;0;1;0;diversification;54
-1,301060;0;1;0;0;0;0;0;1;0;1;1;0;0;0;0;0;1;0;0;0;1;1;1;0;0;1;0;1;1;0;0;0;1;1;1;0;diversification;54
-1,945926;1;1;0;0;1;0;1;1;0;1;0;1;1;0;0;0;0;0;0;0;1;1;1;0;0;1;0;1;1;1;0;1;0;0;1;0;diversification;54
0,054544;0;1;0;0;0;0;0;1;0;0;0;0;0;0;0;0;1;0;0;1;1;1;1;0;0;1;0;0;0;1;0;0;0;0;0;0;diversification;54
-1,715693;0;1;0;0;1;0;0;1;0;1;1;1;1;0;0;0;0;0;0;0;1;1;0;0;0;1;0;1;0;1;0;0;1;1;0;0;diversification;54
0,078824;0;0;0;0;1;0;0;1;0;1;0;0;0;0;0;0;0;0;0;0;1;1;1;0;1;1;0;1;0;0;0;0;0;0;1;0;crossover;55
-0,919833;0;1;0;0;1;0;0;1;0;1;1;0;0;0;0;0;0;0;0;0;0;1;1;1;1;1;0;1;0;1;0;1;0;0;0;0;crossover;55
0,152830;0;1;0;0;1;0;0;1;0;1;0;0;0;0;0;0;1;0;0;1;1;1;1;0;0;1;0;0;0;1;0;0;0;0;0;0;crossover;55
0,091417;0;1;0;0;0;0;0;1;0;0;1;0;0;0;0;0;0;0;0;0;1;1;1;0;0;1;0;1;1;0;0;0;0;0;1;0;crossover;55
0,199806;0;1;0;0;1;0;0;1;0;0;0;0;0;0;0;0;0;0;0;0;0;1;0;0;0;0;0;1;1;0;0;0;0;1;0;0;crossover;55
0,278633;0;1;0;0;1;0;0;1;0;1;0;0;1;0;0;0;0;0;0;0;0;0;0;0;0;0;0;0;0;0;0;0;0;0;0;0;crossover;55
0,164880;0;1;0;0;0;1;0;1;0;0;1;0;0;0;0;0;1;0;0;0;1;1;1;0;0;1;0;1;1;0;0;0;0;0;1;0;crossover;55
0,224851;0;1;0;0;1;0;0;1;0;0;0;0;0;0;0;0;0;0;0;0;0;1;0;0;0;0;0;0;0;0;0;0;0;0;0;0;mutation;56
-0,468871;0;1;0;0;1;0;0;1;0;1;1;0;0;0;0;0;0;0;0;0;1;1;1;0;0;1;1;1;1;0;0;0;0;1;0;0;mutation;56
0,175180;0;1;0;0;1;0;0;1;0;1;1;0;0;0;0;0;0;0;0;0;1;1;1;0;1;1;0;1;0;0;0;0;0;0;0;0;mutation;56
0,249670;0;1;0;0;1;0;0;1;0;1;0;0;1;0;0;0;0;0;0;0;0;0;0;0;0;0;0;0;0;0;0;0;0;1;0;0;crossover;57
0,231537;0;1;0;0;0;1;0;1;0;0;0;0;1;0;0;0;0;0;0;0;0;0;0;0;0;0;0;0;1;1;0;0;0;0;0;0;crossover;57
0,183398;0;1;0;0;1;0;0;1;0;1;1;0;0;0;0;0;1;0;0;0;1;1;1;0;0;0;0;0;0;0;0;0;0;0;0;0;crossover;57
-0,459133;0;1;0;0;1;0;0;1;0;1;1;0;0;0;0;0;0;0;0;0;1;1;1;0;0;1;0;1;1;0;0;0;1;1;0;0;mutation;57
0,273215;0;1;0;0;0;1;0;1;0;0;0;0;1;0;0;0;0;0;0;0;0;0;0;0;0;0;0;0;0;0;0;0;0;1;0;0;mutation;57
0,240533;0;1;0;0;1;0;0;1;0;1;0;0;1;0;0;0;0;0;0;0;0;0;0;0;0;0;0;0;0;0;0;0;0;0;1;0;crossover;57
0,253151;0;1;0;0;0;1;0;1;0;0;0;0;1;0;0;0;0;0;0;0;0;0;0;0;0;0;0;1;0;0;0;0;0;0;0;0;crossover;58
0,252222;0;1;0;0;1;0;0;1;0;0;0;0;0;0;0;0;0;0;0;0;0;1;0;0;0;0;0;0;0;0;0;0;0;1;0;0;crossover;58
0,205064;0;1;0;0;0;1;0;1;0;0;0;0;1;0;0;0;0;0;0;0;0;0;0;0;0;1;0;1;0;0;0;0;0;0;1;0;crossover;58
0,190655;0;1;0;0;1;0;0;1;0;1;1;0;0;0;0;0;0;0;0;0;1;1;1;0;1;0;0;0;0;0;0;0;0;0;0;0;crossover;58
0,237692;0;1;0;0;1;0;0;1;0;1;0;0;1;0;0;0;0;0;0;0;0;0;0;0;0;0;0;0;0;1;0;0;0;0;0;0;crossover;59
-0,459631;0;1;0;0;1;0;0;1;0;1;1;0;0;0;0;0;1;0;0;0;1;1;1;0;0;1;0;0;1;0;0;0;0;1;0;0;crossover;59
0,153528;0;1;0;0;1;0;0;1;0;0;0;0;0;0;0;0;0;0;0;0;1;1;1;0;1;1;0;1;0;1;0;0;0;0;0;0;crossover;59
0,276862;0;1;0;0;1;0;0;1;0;1;1;0;0;0;0;0;0;0;0;0;0;0;0;0;0;0;0;0;0;0;0;0;0;0;0;0;crossover;59
0,161133;0;1;0;0;0;1;0;1;0;0;0;0;1;0;0;0;0;0;0;1;1;1;1;0;0;1;0;1;0;0;0;0;0;1;0;0;crossover;59
0,202672;0;1;0;0;1;0;0;1;0;1;0;0;1;0;0;0;0;0;0;0;0;1;0;0;0;0;0;0;0;0;0;0;0;1;0;0;crossover;60
0,211998;0;1;0;0;1;0;0;1;0;1;0;0;1;0;0;0;0;0;0;0;0;0;0;0;0;0;0;1;0;0;0;0;0;0;1;0;crossover;60
0,184160;0;1;0;0;1;0;0;1;0;1;1;0;0;0;0;0;0;0;0;0;1;1;1;0;1;1;0;0;0;0;0;0;0;0;0;0;crossover;60
0,220532;0;1;0;0;1;0;0;1;0;0;0;0;0;0;0;0;0;0;0;0;0;0;0;0;0;0;0;0;0;0;0;0;0;1;0;0;crossover;61
0,203384;0;1;0;0;1;0;0;1;0;1;0;0;1;0;0;0;1;0;0;0;1;1;0;0;0;0;0;0;0;0;0;0;0;0;0;0;crossover;61
0,198233;0;1;0;0;1;0;0;1;0;1;1;0;0;0;0;0;0;0;0;0;0;0;1;0;0;1;0;0;1;1;0;0;0;0;0;0;crossover;61
0,246374;0;1;0;0;1;0;0;1;0;1;1;0;0;0;0;0;0;0;0;0;0;0;0;0;0;0;0;0;0;0;0;0;0;1;0;0;crossover;61
0,236991;0;1;0;0;1;0;0;1;0;1;0;0;1;0;0;0;0;0;0;0;0;0;0;0;0;0;0;1;0;0;0;0;0;0;0;0;crossover;61
0,260996;0;1;0;0;0;1;0;1;0;0;0;0;1;0;0;0;0;0;0;0;0;0;0;0;0;0;0;0;0;0;0;0;0;0;1;0;crossover;62
0,170947;0;1;0;0;0;1;0;1;0;0;0;0;1;0;0;0;0;0;0;0;1;1;1;0;1;1;0;1;0;0;0;0;0;0;1;0;crossover;62
0,227001;0;1;0;0;1;0;0;1;0;1;1;0;0;0;0;0;0;0;0;0;0;1;0;0;0;0;0;0;0;0;0;0;0;1;0;0;crossover;62
0,164770;0;1;0;0;1;0;0;1;0;0;0;0;0;0;0;0;0;0;0;0;0;0;0;0;0;0;0;0;0;0;0;0;0;0;0;0;crossover;62
0,270847;0;1;0;0;1;0;0;1;0;0;0;0;1;0;0;0;0;0;0;0;0;0;0;0;0;0;0;0;0;0;0;0;0;1;0;0;crossover;62
0,187209;0;1;0;0;0;1;0;1;0;0;0;0;1;0;0;0;1;0;0;1;1;1;1;0;0;1;0;0;0;1;0;0;0;0;0;0;crossover;62
0,190882;0;1;0;0;1;0;0;1;0;1;0;0;1;0;0;0;0;0;0;0;0;1;0;0;1;1;0;1;0;0;0;0;0;1;0;0;crossover;63
0,032485;0;1;0;0;0;0;0;1;0;0;0;0;1;0;0;0;0;0;0;0;0;0;0;0;0;0;0;0;0;0;0;0;0;1;0;0;crossover;64
-0,498868;0;1;0;0;1;1;0;1;0;0;0;0;1;0;0;0;0;0;0;0;0;0;0;0;0;0;0;0;0;0;0;0;0;0;0;0;crossover;64
0,251082;0;1;0;0;1;0;0;1;0;0;0;0;1;0;0;0;0;0;0;0;0;0;0;0;0;0;0;1;0;0;0;0;0;0;0;0;crossover;64
0,220641;0;1;0;0;0;1;0;1;0;1;1;0;0;0;0;0;0;0;0;0;0;0;0;0;0;0;0;0;0;0;0;0;0;1;0;0;crossover;64
0,168515;0;1;0;0;0;1;0;1;0;0;0;0;1;0;0;0;0;0;0;0;1;1;1;0;0;1;0;1;1;0;0;0;0;0;1;0;crossover;65
0,181726;0;1;0;0;0;1;0;1;0;0;0;0;1;0;0;0;0;0;0;0;1;1;1;0;1;1;0;1;0;1;0;0;0;0;0;0;crossover;65
0,267021;0;1;0;0;1;0;0;1;0;0;0;0;1;0;0;0;0;0;0;0;0;0;0;0;0;0;0;0;0;0;0;0;0;0;0;0;crossover;65
-0,886588;0;1;0;0;0;1;0;1;0;0;1;0;0;1;0;0;0;0;0;1;0;0;0;0;0;0;0;0;1;0;0;0;0;0;1;0;diversification;66
-0,500079;0;1;0;0;0;1;0;1;0;0;1;0;0;0;0;0;0;0;0;1;0;0;1;0;0;0;0;0;0;0;0;0;0;1;0;1;diversification;66
-1,030917;0;1;0;0;0;0;0;1;0;1;0;0;1;0;0;0;0;0;1;1;0;1;1;0;0;1;0;1;0;1;0;0;0;1;0;0;diversification;66
-0,034373;0;0;0;0;0;1;0;0;0;0;0;0;1;0;0;0;0;0;0;0;0;0;0;0;0;1;0;0;0;0;0;0;0;0;0;1;diversification;66
-1,209899;0;1;0;0;0;1;0;1;0;0;0;1;1;0;1;0;0;0;0;0;0;1;0;0;0;0;0;1;0;0;0;0;1;1;0;0;diversification;66
-1,297691;0;0;0;0;0;0;0;1;0;0;0;0;1;0;0;0;1;0;0;0;0;0;0;0;0;0;0;1;0;0;0;0;0;1;1;0;diversification;66
-1,093107;0;0;0;0;0;0;0;0;0;0;1;0;1;1;0;0;0;0;0;0;0;0;0;0;0;0;0;0;0;0;0;0;0;0;0;0;diversification;66
-0,560440;1;1;0;0;1;0;0;1;0;1;0;0;1;1;0;0;0;1;0;0;0;0;0;0;0;1;0;0;0;0;0;0;0;0;0;0;diversification;66
0,102944;0;0;1;0;1;0;0;0;0;1;0;0;0;0;0;0;0;0;0;0;0;0;0;0;0;0;0;0;0;0;0;1;0;0;0;0;diversification;66
-0,550606;0;1;0;0;1;1;0;0;0;1;0;0;1;0;0;0;0;0;1;0;0;0;1;0;0;0;0;0;1;0;0;0;0;0;0;0;diversification;66
-1,296526;0;1;1;0;0;0;0;1;0;1;1;0;0;0;0;0;0;0;1;1;1;1;1;1;0;1;0;1;0;1;0;0;0;1;0;0;diversification;66
-0,117287;0;0;0;0;0;0;0;1;0;1;1;0;0;0;0;0;0;0;0;1;1;1;0;0;0;0;0;0;0;0;0;0;0;1;0;0;diversification;66
-0,484664;0;1;0;0;1;0;0;1;0;0;0;0;0;0;0;0;0;0;0;1;0;0;0;0;0;0;0;0;0;0;1;0;0;1;0;0;diversification;66
0,217322;0;1;0;0;0;1;0;1;0;1;0;0;1;0;0;0;0;0;0;0;0;0;0;0;0;0;0;1;0;0;0;0;0;0;0;0;mutation;67
-0,504853;1;1;0;0;1;0;0;1;0;1;0;0;1;0;0;0;0;0;0;0;1;1;1;0;1;1;0;1;0;0;0;0;0;0;1;0;mutation;67
-0,508999;0;1;0;1;0;1;0;1;0;0;0;0;1;0;0;0;0;0;0;0;0;0;0;0;0;0;0;0;0;0;0;0;0;0;1;0;mutation;67
-0,445844;0;1;0;0;1;0;0;1;0;1;1;0;1;0;0;0;0;0;0;0;0;0;0;0;0;0;0;0;0;0;0;0;0;0;0;0;crossover;67
0,204727;0;1;0;0;1;0;0;1;0;1;1;0;0;0;0;0;0;0;0;0;0;0;0;0;0;0;0;0;1;1;0;0;0;0;0;0;crossover;68
0,163733;0;1;0;0;0;1;0;1;0;0;0;0;1;0;0;0;0;0;0;0;1;1;1;0;1;1;0;1;0;0;0;0;0;1;0;0;crossover;68
0,213382;0;1;0;0;0;1;0;1;0;0;0;0;0;0;0;0;0;0;0;0;0;1;0;0;0;0;0;0;0;0;0;0;0;1;0;0;crossover;68
-0,454701;0;1;0;0;1;0;0;1;0;1;0;0;1;0;0;0;0;0;0;0;1;1;1;0;1;1;0;1;0;1;0;0;0;1;0;0;crossover;68
0,237612;0;1;0;0;0;1;0;1;0;1;0;0;1;0;0;0;0;0;0;0;0;0;0;0;0;0;0;0;0;0;0;0;0;0;0;0;crossover;68
0,211813;0;1;0;0;0;1;0;1;0;1;0;0;1;0;0;0;0;0;0;0;0;1;0;0;0;0;0;0;0;0;0;0;0;1;0;0;crossover;69
0,221825;0;1;0;0;0;1;0;1;0;0;0;0;1;0;0;0;0;0;0;0;0;1;0;0;0;0;0;1;0;0;0;0;0;0;0;0;crossover;69
0,212897;0;1;0;0;1;0;0;1;0;0;0;0;0;0;0;0;0;0;0;0;0;1;0;0;0;0;0;0;1;1;0;0;0;0;0;0;crossover;69
-0,497408;0;1;0;0;1;0;0;1;0;1;0;0;1;0;0;0;1;0;0;0;1;1;1;0;0;1;0;0;0;0;0;0;0;1;0;0;crossover;69
-0,460548;0;1;0;0;1;0;0;1;0;1;0;0;1;0;0;0;0;0;0;0;0;0;0;0;0;0;0;0;0;0;0;0;0;1;0;1;mutation;70
0,237576;0;1;0;0;0;1;0;1;0;0;0;0;1;0;0;0;0;0;0;0;0;0;0;0;0;0;0;1;0;0;0;0;0;1;0;0;crossover;70
0,206506;0;1;0;0;0;1;0;1;0;0;0;0;1;0;0;0;0;0;0;0;0;0;0;0;0;0;0;1;0;1;0;0;0;0;0;0;crossover;70
0,195106;0;1;0;0;1;0;0;1;0;1;0;0;1;0;0;0;0;0;0;0;1;1;1;0;1;1;0;0;0;0;0;0;0;1;0;0;crossover;70
0,261366;0;1;0;0;1;0;0;1;0;0;0;0;1;0;0;0;0;0;0;0;0;0;0;0;0;0;0;1;0;0;0;0;0;1;0;0;crossover;70
-0,474933;0;1;0;0;1;0;0;1;0;1;0;0;1;0;0;0;0;0;0;0;0;0;0;0;0;0;0;0;0;1;0;0;0;1;0;0;crossover;71
-0,038097;0;1;0;0;0;0;0;1;0;0;0;0;1;0;0;0;0;0;0;0;0;0;0;0;0;0;0;1;0;0;0;0;0;0;0;0;crossover;72
-0,436473;0;1;0;0;1;1;0;1;0;0;0;0;1;0;0;0;0;0;0;0;0;0;0;0;0;0;0;0;0;0;0;0;0;1;0;0;crossover;72
0,218512;0;1;0;0;1;0;0;1;0;0;0;0;1;0;0;0;0;0;0;0;0;0;1;0;0;1;0;1;1;0;0;0;0;0;1;0;crossover;74
0,245794;0;1;0;0;1;0;0;1;0;1;1;0;0;0;0;0;0;0;0;0;1;1;0;0;0;0;0;0;0;0;0;0;0;0;0;0;crossover;74
0,226102;0;1;0;0;1;0;0;1;0;1;0;0;1;0;0;0;0;0;0;0;0;0;0;0;0;0;0;1;0;0;0;0;0;1;0;0;crossover;75
0,225734;0;1;0;0;1;0;0;1;0;1;1;0;0;0;0;0;0;0;0;0;0;0;0;0;0;0;0;1;0;0;0;0;0;1;0;0;crossover;75
-0,089986;0;0;0;0;0;0;1;1;0;1;0;0;0;0;0;0;0;0;0;0;0;0;0;0;0;0;0;0;0;0;1;0;0;0;0;0;diversification;76
0,271500;0;1;0;0;1;0;0;1;0;0;0;0;1;0;0;0;0;0;0;0;0;0;0;0;0;0;0;0;0;0;0;0;0;0;1;0;crossover;76
-1,573274;1;0;0;0;1;0;1;1;0;1;0;0;1;0;0;0;0;0;0;1;0;0;0;0;0;0;0;0;0;0;0;1;0;0;0;0;diversification;76
0,167576;0;1;1;0;1;0;0;0;0;0;0;0;1;0;0;0;0;0;0;0;0;0;0;0;0;0;0;1;0;0;0;0;0;0;0;1;diversification;76
-0,945978;0;1;0;0;1;0;0;1;0;1;0;0;1;0;0;0;0;0;0;1;0;1;0;0;1;1;0;1;0;1;1;0;0;0;0;1;diversification;76
0,049042;0;0;0;0;1;0;0;0;0;0;0;0;1;0;0;0;0;0;0;0;0;0;1;0;0;0;0;1;1;0;0;0;0;0;0;1;diversification;76
-4,921796;0;0;0;0;0;0;0;1;0;0;0;0;1;0;0;0;0;0;0;0;0;0;0;0;0;0;0;0;0;0;0;0;0;0;0;0;diversification;76
-0,012956;0;0;1;0;0;0;0;1;0;1;1;0;0;1;0;0;1;0;0;0;0;0;0;0;0;0;0;0;0;0;0;0;0;0;0;0;diversification;76
-0,462907;0;1;0;0;1;1;0;1;0;1;0;0;0;0;0;0;0;0;1;0;1;1;0;0;0;0;0;0;0;0;0;0;0;0;0;0;diversification;76
-0,974840;0;1;0;1;1;0;0;0;0;1;0;1;1;0;0;0;0;0;0;0;0;0;0;0;1;0;0;0;1;0;0;0;0;0;0;0;diversification;76
-4,848015;0;0;0;0;0;0;0;0;0;0;0;0;1;0;0;0;0;0;0;0;1;0;0;0;0;0;0;0;0;0;0;0;0;0;0;0;diversification;76
0,222719;0;1;0;0;1;0;0;1;0;1;1;0;0;0;0;0;0;0;0;0;1;1;0;0;0;0;0;0;0;0;0;0;0;0;1;0;crossover;76
-1,931120;0;1;0;0;1;1;1;1;1;0;0;0;1;0;0;0;0;0;0;1;0;0;0;0;0;0;0;0;1;0;0;0;0;0;0;0;diversification;76
-1,184987;0;1;0;0;1;0;0;1;1;1;0;0;1;0;0;1;0;0;0;0;1;0;0;0;0;0;0;0;1;0;0;0;0;1;0;0;diversification;76
-1,809749;0;1;0;0;1;1;1;1;0;1;1;0;0;0;0;0;0;0;0;0;0;0;1;0;0;0;1;0;0;0;0;0;0;1;0;1;diversification;76
-0,083007;0;0;0;0;1;0;0;0;0;0;0;0;1;0;0;0;0;0;0;0;0;0;0;0;0;0;0;0;0;0;0;0;0;1;0;0;crossover;77
0,175927;0;1;1;0;1;0;0;1;0;0;0;0;0;0;0;0;0;0;0;0;0;1;0;0;0;0;0;0;0;0;0;0;0;1;0;0;crossover;77
0,168836;0;1;0;0;1;0;0;0;0;0;0;0;1;0;0;0;0;0;0;0;0;0;0;0;0;0;0;1;0;0;0;0;0;0;0;1;crossover;77
0,218890;0;1;0;0;0;1;0;1;0;1;0;0;1;0;0;0;0;0;0;0;0;0;0;0;0;0;0;0;0;0;0;0;0;1;0;0;crossover;77
-0,094370;0;0;0;0;1;0;0;0;0;0;0;0;1;0;0;0;0;0;0;0;0;0;1;0;0;0;0;0;0;0;0;0;0;0;0;0;crossover;77
0,192583;0;1;0;0;1;0;0;1;0;1;1;0;0;0;0;0;0;0;0;0;0;0;0;0;0;0;0;1;1;0;0;0;0;0;0;1;crossover;77
0,238480;0;1;0;0;0;1;0;1;0;1;1;0;0;0;0;0;0;0;0;0;0;0;0;0;0;0;0;0;0;0;0;0;0;0;0;0;crossover;78
0,206830;0;1;0;0;1;0;0;1;0;1;1;0;0;0;0;0;0;0;0;1;1;1;0;0;0;0;0;0;0;0;0;0;0;0;1;0;crossover;79
0,207573;0;1;0;0;1;0;0;1;0;0;0;0;1;0;0;0;0;0;0;0;0;0;1;0;0;1;0;1;0;0;0;0;0;1;0;0;crossover;79
0,259317;0;1;0;0;1;0;0;1;0;0;0;0;1;0;0;0;0;0;0;0;0;1;0;0;0;0;0;0;0;0;0;0;0;1;0;0;crossover;80
0,011719;0;1;0;0;0;0;0;1;0;1;0;0;1;0;0;0;0;0;0;0;0;0;0;0;0;0;0;0;0;0;0;0;0;1;0;0;crossover;82
0,235622;0;1;0;0;1;0;0;1;0;0;1;0;0;0;0;0;0;0;0;0;0;0;0;0;0;0;0;0;0;0;0;0;0;0;0;0;crossover;82
0,236443;0;1;0;0;1;0;0;1;0;1;0;0;0;0;0;0;0;0;0;0;0;0;0;0;0;0;0;0;0;0;0;0;0;1;0;0;crossover;82
-0,477275;0;1;0;0;0;1;0;1;0;0;0;0;1;0;0;0;0;0;0;0;0;0;0;0;0;0;1;1;0;0;0;0;0;1;0;0;mutation;83
0,247985;0;1;0;0;1;0;0;1;0;0;0;0;0;0;0;0;0;0;0;0;0;1;0;0;0;0;0;0;0;0;0;0;0;0;1;0;crossover;83
0,272027;0;1;0;0;1;0;0;1;0;0;1;0;0;0;0;0;0;0;0;0;1;1;0;0;0;0;0;0;0;0;0;0;0;0;0;0;crossover;85
0,022938;0;1;0;0;0;0;0;1;0;0;0;0;1;0;0;0;0;0;0;0;0;1;0;0;0;0;0;0;0;0;0;0;0;1;0;0;crossover;85
-0,536687;0;1;0;0;1;0;1;1;0;1;0;0;1;0;0;0;0;0;0;0;0;0;0;0;0;1;1;0;0;0;0;0;0;0;0;0;diversification;86
-1,015344;0;1;0;0;0;0;0;1;0;0;1;0;1;0;1;0;0;0;0;1;0;0;0;1;0;0;0;1;0;0;0;0;0;0;0;1;diversification;86
-0,484397;0;1;0;0;0;1;0;1;0;0;0;0;1;0;0;0;0;0;0;0;0;0;0;0;0;0;1;0;0;0;0;0;0;1;0;0;mutation;86
-0,230226;0;0;0;0;0;0;0;1;0;0;0;0;1;1;0;0;1;0;0;0;0;0;0;0;0;0;0;0;0;0;0;0;0;0;0;0;diversification;86
-0,850814;0;1;0;0;1;0;0;1;0;0;0;0;0;1;0;1;0;0;0;0;0;0;0;0;0;0;0;0;0;0;0;0;0;1;0;0;diversification;86
-0,616763;0;1;0;0;0;1;1;0;0;0;0;0;0;0;0;0;0;0;0;0;0;1;0;0;0;0;0;0;0;0;0;0;0;0;0;0;diversification;86
-0,495915;0;1;0;0;1;0;0;0;0;0;0;0;1;0;0;0;0;0;0;1;0;0;0;1;0;0;0;1;0;0;0;0;0;1;1;0;diversification;86
-0,747916;0;1;0;0;0;0;0;0;0;0;0;0;1;0;0;0;1;0;0;0;0;0;1;0;0;0;0;0;0;0;0;0;0;1;0;0;diversification;86
-0,554431;0;1;0;0;1;1;0;0;0;0;0;0;1;0;0;0;0;0;0;0;0;0;0;0;0;0;0;0;0;0;1;0;0;0;0;0;diversification;86
-0,956360;0;1;0;0;1;0;0;1;1;1;0;0;1;0;0;0;0;0;0;0;0;1;1;0;0;0;0;0;0;0;1;0;0;1;0;0;diversification;86
0,135309;0;1;0;0;1;0;0;0;0;1;0;0;1;0;0;0;0;0;0;0;0;0;0;0;0;0;1;0;0;0;0;0;0;0;0;0;diversification;86
-1,437313;0;1;1;0;1;0;0;1;0;0;0;0;1;1;0;1;0;0;0;0;1;1;1;0;1;0;0;0;1;0;0;0;0;0;1;0;diversification;86
0,077477;0;1;0;0;1;0;0;0;0;0;0;0;0;0;0;0;0;0;0;0;0;0;0;0;0;1;0;0;0;0;0;0;1;0;0;0;diversification;86
0,069534;1;0;0;0;0;0;0;1;0;1;0;0;1;0;0;0;0;0;0;0;0;0;1;0;0;0;0;0;0;0;1;0;0;0;0;0;diversification;86
-0,901604;0;1;0;0;0;1;0;1;0;0;0;0;0;1;1;0;0;0;0;1;0;0;0;0;0;0;0;0;0;0;0;0;0;0;1;0;diversification;86
-0,001006;0;0;0;0;1;0;0;1;0;0;0;0;0;0;1;0;0;0;0;0;0;1;0;0;0;0;0;0;0;0;0;0;0;0;0;0;diversification;86
0,279966;0;1;0;0;1;0;0;1;0;0;0;0;1;0;0;0;0;0;0;0;0;1;0;0;0;0;0;0;0;0;0;0;0;0;0;0;crossover;87
0,014978;0;1;0;0;0;0;0;1;0;1;0;0;1;0;0;0;0;0;0;0;0;0;0;0;0;0;0;0;0;0;0;0;0;0;0;0;crossover;88
0,211139;0;1;0;0;1;0;0;1;0;1;1;0;0;0;0;0;0;0;0;0;1;1;0;0;0;0;0;0;0;0;0;0;0;1;0;0;crossover;88
0,193682;0;1;0;0;1;0;0;1;0;1;1;0;0;0;0;0;0;0;0;1;1;1;1;0;0;1;0;0;0;0;0;0;0;0;0;0;crossover;88
0,247642;0;1;0;0;1;0;0;1;0;0;0;0;1;0;0;0;0;0;0;0;0;1;0;0;0;0;0;1;0;0;0;0;0;1;0;0;crossover;88
0,202457;0;1;0;0;1;0;0;1;0;1;0;0;1;0;0;0;0;0;0;0;1;1;1;0;0;0;0;0;0;0;0;0;0;0;1;0;crossover;88
0,217079;0;1;0;0;1;0;0;1;0;0;0;0;1;0;0;0;0;0;0;0;0;0;0;0;1;1;0;1;0;1;0;0;0;0;0;0;crossover;88
-0,466572;0;1;0;0;1;1;0;1;0;0;0;0;1;0;0;0;0;0;0;0;0;0;0;0;0;0;0;0;0;0;0;0;0;0;1;0;crossover;88
0,226640;0;1;0;0;1;0;0;1;0;1;1;0;0;0;0;0;0;0;0;0;0;0;0;0;0;0;0;0;0;0;0;0;0;0;1;0;crossover;89
0,244974;0;1;0;0;1;0;0;1;0;0;0;0;1;0;0;0;0;0;0;0;0;0;0;0;0;1;0;1;0;0;0;0;0;1;0;0;crossover;89
0,176239;0;1;0;0;1;0;0;1;0;1;1;0;0;0;0;0;0;0;0;1;1;1;1;0;0;0;0;1;0;0;0;0;0;1;0;0;crossover;89
0,241747;0;1;0;0;1;0;0;1;0;0;0;0;1;0;0;0;0;0;0;0;0;1;0;0;0;0;0;1;0;0;0;0;0;0;1;0;crossover;89
0,251358;0;1;0;0;1;0;0;1;0;0;0;0;1;0;0;0;0;0;0;0;0;0;0;0;0;0;0;1;0;0;0;0;0;0;1;0;crossover;89
0,268013;0;1;0;0;1;0;0;1;0;0;0;0;1;0;0;0;0;0;0;0;0;1;0;0;0;0;0;1;0;0;0;0;0;0;0;0;crossover;90
0,274998;0;1;0;0;1;0;0;1;0;0;0;0;1;0;0;0;0;0;0;0;1;0;0;0;0;0;0;0;0;0;0;0;0;0;0;0;mutation;91
0,278008;0;1;0;0;1;0;0;1;0;0;0;0;1;0;0;0;0;0;0;0;0;0;0;0;0;1;0;0;0;0;0;0;0;0;0;0;crossover;91
0,269824;0;1;0;0;1;0;0;1;0;0;1;0;0;0;0;0;0;0;0;0;1;0;0;0;0;0;0;0;0;0;0;0;0;1;0;0;crossover;92
0,244672;0;1;0;0;0;1;0;1;0;0;0;0;1;0;0;0;0;0;0;0;1;0;0;0;0;0;0;0;0;0;0;0;0;0;0;0;crossover;95
0,234885;0;1;0;0;1;0;0;1;0;1;1;0;0;0;0;0;0;0;0;0;0;1;0;0;0;0;0;0;0;0;0;0;0;0;0;0;crossover;95
0,250866;0;1;0;0;1;0;0;1;0;0;1;0;0;0;0;0;0;0;0;0;0;1;0;0;0;0;0;0;0;0;0;0;0;1;0;0;crossover;95
0,269926;0;1;0;0;1;0;0;1;0;0;0;0;1;0;0;0;0;0;0;0;1;1;0;0;0;0;0;0;0;0;0;0;0;0;0;0;crossover;95
0,228578;0;1;0;0;1;0;0;1;0;0;1;0;0;0;0;0;0;0;0;0;1;1;0;0;0;0;0;1;0;0;0;0;0;0;0;0;mutation;96
0,260867;0;1;0;0;1;0;0;1;0;0;0;0;1;0;0;0;1;0;0;0;0;1;0;0;0;0;0;0;0;0;0;0;0;0;0;0;mutation;96
0,284547;0;1;0;0;1;0;0;1;0;0;1;0;0;0;0;0;0;0;0;0;1;0;0;0;0;0;0;0;0;0;0;0;0;0;0;0;crossover;97
0,284093;0;1;0;0;1;0;0;1;0;0;1;0;0;0;0;0;0;0;0;0;1;0;0;0;0;1;0;0;0;0;0;0;0;0;0;0;crossover;97
-0,448874;0;1;0;0;1;0;0;1;0;1;1;0;1;0;0;0;0;0;0;0;0;1;0;0;0;0;0;0;0;0;0;0;0;0;0;0;crossover;97
0,268066;0;1;0;0;1;0;0;1;0;0;0;0;1;0;0;0;0;0;0;0;1;0;0;0;0;0;0;0;0;0;0;0;0;1;0;0;crossover;97
0,245641;0;1;0;0;1;0;0;1;0;0;0;0;1;0;0;0;0;0;0;0;1;0;0;0;0;0;0;0;0;0;0;0;0;0;1;0;crossover;97
0,211687;0;1;1;0;1;0;0;1;0;0;1;0;0;0;0;0;0;0;0;0;0;0;0;0;0;0;0;0;0;0;0;0;0;0;0;0;mutation;98
-0,518846;0;1;0;0;1;1;0;1;0;0;0;0;1;0;0;0;0;0;0;0;1;0;0;0;0;0;0;0;0;0;0;0;0;0;0;0;mutation;98
0,248202;0;1;0;0;1;0;0;1;0;0;1;0;0;0;0;0;0;0;0;0;0;0;0;0;0;0;0;1;0;0;0;0;0;0;1;0;crossover;98
0,284186;0;1;0;0;1;0;0;1;0;0;1;0;0;0;0;0;0;0;0;0;0;1;0;0;0;0;0;0;0;0;0;0;0;0;0;0;crossover;99
0,268629;0;1;0;0;1;0;0;1;0;0;0;0;1;0;0;0;0;0;0;0;1;0;0;0;0;1;0;0;0;0;0;0;0;0;0;0;crossover;99
0,260161;0;1;0;0;1;0;0;1;0;0;1;0;0;0;0;0;0;0;0;0;1;0;0;0;0;1;0;0;0;0;0;0;0;1;0;0;crossover;99
0,276148;0;1;0;0;0;1;0;1;0;0;0;0;1;0;0;0;0;0;0;0;0;0;0;0;0;1;0;0;0;0;0;0;0;0;0;0;crossover;99
-0,419667;0;1;0;0;1;0;0;1;0;0;1;0;1;0;0;0;0;0;0;0;0;1;0;0;0;0;0;0;0;0;0;0;0;0;0;0;crossover;100
0,257937;0;1;0;0;1;0;0;1;0;0;0;0;0;0;0;0;0;0;0;0;1;1;0;0;0;0;0;0;0;0;0;0;0;0;0;0;crossover;100
0,226128;0;1;0;0;1;0;0;1;0;1;0;0;1;0;0;0;0;0;0;0;0;0;0;0;0;1;0;0;0;0;0;0;0;0;0;0;crossover;100
0,258239;0;1;0;0;1;0;0;1;0;0;0;0;1;0;0;0;0;0;0;0;0;0;0;0;0;1;0;0;0;0;0;0;0;1;0;0;crossover;102
0,264731;0;1;0;0;0;1;0;1;0;0;1;0;0;0;0;0;0;0;0;0;0;0;0;0;0;0;0;0;0;0;0;0;0;0;0;0;crossover;102
0,232261;0;1;0;0;1;0;0;1;0;1;0;0;0;0;0;0;0;0;0;0;1;0;0;0;0;1;0;0;0;0;0;0;0;0;0;0;crossover;103
-0,434681;0;1;0;0;1;0;0;1;0;0;1;0;1;0;0;0;0;0;0;0;0;0;0;0;0;0;0;0;0;0;0;0;0;0;0;0;crossover;103
0,232295;0;1;0;0;1;0;0;1;0;1;0;0;1;0;0;0;0;0;0;0;1;0;0;0;0;1;0;0;0;0;0;0;0;0;0;0;crossover;103
-0,450112;0;1;0;0;1;0;0;1;0;0;0;0;1;0;0;0;1;0;0;0;0;1;0;0;0;0;0;0;0;0;0;0;0;1;0;0;crossover;103
-0,461806;0;1;0;0;1;0;0;1;0;1;1;0;1;0;0;0;0;0;0;0;1;0;0;0;0;0;0;0;0;0;0;0;0;0;1;0;mutation;104
0,256418;0;1;0;0;0;1;0;1;0;0;0;0;1;0;0;0;0;0;0;0;1;0;0;0;0;1;0;0;0;0;0;0;0;0;0;0;crossover;105
0,274915;0;1;0;0;1;0;0;1;0;0;1;0;0;0;0;0;0;0;0;0;0;0;0;0;0;1;0;0;0;0;0;0;0;0;0;0;crossover;105
0,247296;0;1;0;0;1;0;0;1;0;1;0;0;1;0;0;0;0;0;0;0;0;1;0;0;0;0;0;0;0;0;0;0;0;0;0;0;crossover;106
0,232339;0;1;0;0;0;1;0;1;0;0;1;0;0;0;0;0;0;0;0;0;1;0;0;0;0;1;0;0;0;0;0;0;0;0;0;0;crossover;106
0,239416;0;1;0;0;1;0;0;1;0;1;1;0;0;0;0;0;0;0;0;0;0;0;0;0;0;1;0;0;0;0;0;0;0;0;0;0;crossover;106
0,276726;0;1;0;0;1;0;0;1;0;0;1;0;0;0;0;0;0;0;0;0;0;0;0;0;0;0;0;0;0;0;0;0;0;1;0;0;crossover;107
0,247929;0;1;0;0;0;1;0;1;0;0;0;0;1;0;0;0;0;0;0;0;1;1;0;0;0;0;0;0;0;0;0;0;0;0;0;0;crossover;107
0,276480;0;1;0;0;1;0;0;1;0;0;1;0;0;0;0;0;0;0;0;0;0;0;0;0;0;0;0;0;0;0;0;0;0;0;1;0;crossover;107
-0,420162;0;1;0;0;1;0;0;1;0;0;1;0;1;0;0;0;0;0;0;0;1;0;0;0;0;0;0;0;0;0;0;0;0;0;0;0;crossover;107
0,265355;0;1;0;0;1;0;0;1;0;0;0;0;0;0;0;0;0;0;0;0;1;0;0;0;0;1;0;0;0;0;0;0;0;0;0;0;crossover;107
0,251653;0;1;0;0;0;1;0;1;0;0;1;0;0;0;0;0;0;0;0;0;0;1;0;0;0;0;0;0;0;0;0;0;0;0;0;0;crossover;107
0,263573;0;1;0;0;0;1;0;1;0;0;0;0;1;0;0;0;0;0;0;0;0;1;0;0;0;0;0;0;0;0;0;0;0;0;0;0;crossover;107
0,002480;0;1;1;0;0;0;0;0;0;0;0;0;1;0;0;0;0;0;0;0;0;0;0;0;0;1;0;0;0;0;0;0;0;0;0;0;diversification;108
0,253783;0;1;0;0;1;0;0;1;0;0;0;0;1;0;0;0;0;0;0;0;1;0;0;0;0;1;0;0;0;0;0;0;0;1;0;0;crossover;108
-0,908309;0;1;0;0;1;0;0;1;1;0;0;0;1;1;1;0;0;0;0;0;1;1;0;0;1;0;0;1;0;0;0;0;0;0;0;0;diversification;108
-0,144722;0;0;0;0;0;0;0;1;0;0;0;0;1;0;1;0;0;0;0;0;1;1;0;0;0;0;0;1;0;0;0;0;0;0;0;0;diversification;108
0,167996;1;1;0;0;0;0;0;1;0;1;0;0;1;0;0;0;0;0;0;0;0;0;0;0;0;1;0;0;0;0;0;0;0;0;0;0;diversification;108
-0,895389;0;1;0;0;1;0;0;1;0;0;1;1;1;0;0;0;0;1;0;0;1;1;0;0;0;0;0;0;1;0;0;0;0;0;0;0;diversification;108
-0,912771;0;1;0;1;0;1;0;1;0;1;1;0;0;1;0;0;0;0;0;0;0;0;0;1;0;0;0;1;0;0;0;1;0;0;0;0;diversification;108
0,259138;0;1;0;0;1;0;0;1;0;0;1;0;0;0;0;0;0;0;0;0;1;0;0;0;0;0;0;0;0;0;0;0;0;0;1;0;crossover;108
-0,436988;0;1;0;0;1;0;0;1;0;0;0;0;1;0;0;0;0;0;0;0;0;0;0;0;0;0;1;0;0;0;0;1;0;0;0;0;diversification;108
-0,731884;1;0;0;0;0;1;0;1;0;0;0;0;0;0;0;0;0;0;1;0;0;1;0;0;0;0;0;0;0;0;0;0;0;0;0;0;diversification;108
-0,575004;0;1;0;1;0;0;0;1;0;0;0;0;0;0;0;0;0;0;1;0;0;0;0;0;0;1;0;0;0;0;0;0;0;1;0;0;diversification;108
-0,616776;0;0;0;0;1;0;0;1;1;0;1;0;0;0;0;0;0;0;0;0;1;0;0;0;0;0;0;0;1;0;0;0;0;0;0;0;diversification;108
-0,244257;0;0;0;0;0;0;0;0;0;1;0;0;1;0;0;0;0;0;0;0;0;0;0;0;0;1;0;0;0;1;0;0;0;0;0;0;diversification;108
0,242893;0;1;0;0;1;0;0;1;0;0;1;0;0;0;0;0;0;0;0;0;0;1;0;0;0;1;0;0;0;0;0;0;0;0;0;0;crossover;109
0,231549;0;1;0;0;1;0;0;1;0;0;0;0;0;0;0;0;0;0;0;0;1;1;0;0;0;0;0;1;0;0;0;0;0;0;0;0;crossover;109
-0,423617;0;1;0;0;1;0;0;1;0;0;1;0;1;0;0;0;0;0;0;0;0;0;0;0;0;1;0;0;0;0;0;0;0;0;0;0;crossover;111
0,260436;0;1;0;0;1;0;0;1;0;0;1;0;0;0;0;0;1;0;0;0;1;0;0;0;0;1;0;0;0;0;0;0;0;0;0;0;mutation;112
0,262956;0;1;0;0;1;0;0;1;0;0;0;0;1;0;0;0;0;0;0;0;0;1;0;0;0;1;0;0;0;0;0;0;0;0;0;0;crossover;115
0,183839;0;1;0;0;1;0;0;0;0;0;0;0;1;0;0;0;0;0;0;0;0;1;0;0;0;0;0;0;0;0;0;0;0;0;0;0;mutation;117
0,237166;0;1;0;0;1;0;0;1;0;0;1;0;0;0;0;0;0;0;0;0;0;1;0;0;0;0;0;0;0;1;0;0;0;0;0;0;mutation;117
0,242448;0;1;0;0;1;0;0;1;0;1;0;0;0;0;0;0;0;0;0;0;1;0;0;0;0;0;0;0;0;0;0;0;0;0;0;0;crossover;117
-1,561055;0;1;0;1;1;0;0;1;0;0;0;0;1;1;1;0;1;0;0;0;1;0;0;0;0;0;0;0;0;0;0;0;0;1;0;0;diversification;118
-1,422092;0;1;0;1;1;1;0;1;0;0;1;0;0;1;0;0;0;0;0;0;1;1;1;0;0;0;0;0;0;0;0;0;0;1;0;0;diversification;118
0,170755;0;1;0;0;1;0;0;0;0;0;0;0;1;0;0;0;0;0;0;0;0;0;0;0;0;1;0;0;0;0;0;0;0;0;0;0;crossover;118
-0,725299;0;0;0;0;1;0;0;0;0;1;0;0;1;0;0;0;0;0;0;0;0;1;0;0;0;0;0;0;0;0;0;1;0;0;0;0;diversification;118
0,048031;0;1;0;1;0;0;0;0;0;0;0;0;0;0;0;0;0;0;0;0;0;1;0;0;0;0;0;0;0;0;0;0;0;0;1;0;diversification;118
-0,194377;0;0;0;0;1;0;0;0;0;0;0;1;0;0;0;0;0;0;0;0;0;0;0;0;0;1;0;1;0;0;0;0;0;0;0;0;diversification;118
-1,604867;0;1;0;1;1;1;1;1;0;0;1;0;0;0;0;0;0;0;1;0;1;0;0;0;0;0;0;0;0;0;1;0;0;0;0;0;diversification;118
-0,248193;0;0;0;0;0;0;0;0;0;0;0;0;1;0;0;0;0;0;0;1;0;0;1;0;0;0;0;0;0;0;0;0;0;0;1;0;diversification;118
-0,492673;0;1;0;0;1;1;0;1;0;0;1;0;0;0;0;0;0;0;0;0;0;0;0;0;0;0;0;0;0;0;0;0;0;0;0;0;diversification;118
0,147576;0;0;1;0;1;0;0;1;0;0;1;0;0;0;0;1;0;0;0;0;1;0;0;1;0;1;0;1;0;0;0;0;0;0;0;0;diversification;118
-0,011427;0;1;0;0;0;0;0;1;0;1;0;1;0;0;0;1;0;0;0;0;0;0;0;0;0;0;0;0;0;0;0;0;0;0;0;0;diversification;118
-0,893887;0;1;0;0;1;0;0;1;0;1;1;0;0;0;0;1;0;0;0;0;0;0;0;0;0;1;0;0;0;0;1;0;0;1;0;0;diversification;118
-0,485143;0;1;0;0;1;0;0;1;0;1;1;0;1;0;0;0;0;0;0;0;0;0;0;0;0;1;0;0;0;0;0;0;0;0;0;0;crossover;119
0,246056;0;1;0;0;1;0;0;1;0;0;0;0;1;0;0;0;0;0;0;0;0;0;0;0;0;1;0;0;0;0;0;0;0;0;1;0;crossover;119
-0,427771;0;1;0;0;1;0;0;1;0;0;0;0;1;1;0;0;0;0;0;0;0;0;0;0;0;0;0;0;0;0;0;0;0;1;0;0;mutation;120
0,234547;0;1;0;0;1;0;0;1;0;1;0;0;1;0;0;0;0;0;0;0;0;0;1;0;0;0;0;0;0;0;0;0;0;0;0;0;mutation;120
0,289748;0;1;0;0;1;0;0;1;0;0;1;0;0;0;0;0;0;0;0;0;0;1;0;0;0;0;0;1;0;0;0;0;0;0;0;0;crossover;120
0,254041;0;1;0;0;1;0;0;1;0;0;1;0;0;0;0;0;0;0;0;0;1;0;0;0;0;1;0;0;0;0;0;0;0;0;1;0;crossover;120
0,250920;0;1;0;0;1;0;0;1;0;1;0;0;1;0;0;0;0;0;0;0;1;1;0;0;0;0;0;0;0;0;0;0;0;0;0;0;crossover;120
0,231944;0;1;0;0;1;0;0;1;0;1;0;0;1;0;0;0;0;0;1;0;0;0;0;0;0;0;0;0;0;0;0;0;0;0;0;0;mutation;120
0,254111;0;1;0;0;1;0;0;1;0;0;1;0;0;0;0;0;0;0;0;0;0;1;0;0;0;0;0;0;0;0;0;0;0;0;1;0;crossover;121
0,251919;0;1;0;0;1;0;0;1;0;1;1;0;0;0;0;0;0;0;0;0;1;0;0;0;0;0;0;0;0;0;0;0;0;0;0;0;crossover;122
0,279523;0;1;0;0;1;0;0;1;0;0;1;0;0;0;0;0;0;0;0;0;1;0;0;0;0;0;0;1;0;0;0;0;0;0;0;0;crossover;123
0,230279;0;1;0;0;1;0;0;1;0;0;0;0;0;0;0;0;0;0;0;0;1;0;0;0;0;0;0;0;0;0;0;0;0;0;0;0;crossover;124
-0,437325;0;1;0;0;1;0;0;1;0;0;1;0;1;0;0;0;0;0;0;0;0;1;0;0;0;0;0;1;0;0;0;0;0;0;0;0;crossover;125
0,215679;0;1;0;0;1;0;0;1;0;1;0;0;1;0;0;0;0;0;0;0;1;0;0;0;0;0;0;1;0;0;0;0;0;0;0;0;crossover;126
0,228030;0;1;0;0;0;1;0;1;0;0;1;0;0;0;0;0;0;0;0;0;0;1;0;0;0;0;0;1;0;0;0;0;0;0;0;0;crossover;127
0,264135;0;1;0;0;1;0;0;1;0;0;1;0;0;0;0;0;0;0;0;0;0;0;0;0;0;0;0;1;0;0;0;0;0;0;0;0;crossover;130
-0,929687;0;1;0;0;1;0;0;1;0;1;1;0;0;1;0;0;1;0;0;0;0;1;0;0;0;1;0;1;0;0;0;0;0;1;0;0;diversification;131
-0,368381;0;0;0;0;0;0;0;0;0;0;0;0;1;0;0;0;0;0;0;0;1;0;0;0;0;0;0;1;0;0;0;0;0;0;0;0;diversification;131
0,197197;0;1;0;1;0;0;0;1;0;0;1;0;0;0;0;0;0;0;0;0;1;0;0;0;0;1;1;1;0;0;0;0;0;0;0;0;diversification;131
-1,416152;0;1;0;0;1;0;0;1;0;0;0;1;0;0;0;1;0;0;0;0;0;1;0;0;0;0;0;1;0;0;0;1;0;1;1;0;diversification;131
-0,498107;0;0;1;0;0;1;0;1;0;0;0;1;1;0;0;0;0;0;0;1;0;0;0;0;0;0;0;0;0;0;0;0;1;0;0;0;diversification;131
-0,983826;0;0;0;0;1;0;0;1;0;0;1;0;1;0;0;0;0;1;0;0;0;0;0;0;1;0;0;0;0;0;0;0;0;0;0;0;diversification;131
-0,495875;0;1;0;0;1;0;0;1;1;0;0;0;0;0;0;0;0;0;0;0;1;1;0;0;1;0;0;1;0;0;1;0;0;0;0;0;diversification;131
-0,587982;0;1;0;1;1;0;0;0;0;0;0;0;0;0;0;0;0;0;0;0;0;1;0;0;0;0;0;0;0;0;0;0;0;0;0;1;diversification;131
-0,859396;0;1;0;0;1;0;0;1;1;0;1;0;0;0;0;0;0;0;1;1;0;0;0;0;0;0;0;0;0;0;0;0;1;0;0;0;diversification;131
0,165101;0;1;0;0;1;0;0;0;0;1;0;0;1;0;0;0;0;0;0;0;0;0;0;0;0;0;0;0;0;0;1;0;0;0;0;0;diversification;131
-0,468235;0;1;0;0;1;0;0;1;0;0;1;1;0;0;0;0;0;0;0;0;0;0;0;0;0;1;0;0;1;1;0;0;0;0;0;0;diversification;131
0,259434;0;1;0;0;1;0;0;1;0;0;0;0;1;0;0;0;0;0;0;0;1;0;0;0;0;0;0;1;0;0;0;0;0;0;0;0;crossover;131
0,105377;0;0;0;0;1;0;0;1;0;0;0;0;0;0;0;0;0;0;0;0;0;0;0;1;0;0;0;0;1;0;0;0;1;1;0;0;diversification;131
0,253977;0;1;0;0;1;0;0;1;0;0;1;0;0;0;0;0;0;0;0;0;1;1;0;0;0;1;0;0;0;0;0;0;0;0;0;0;crossover;132
-0,295870;0;0;0;0;0;0;0;0;0;0;1;0;0;0;0;0;0;0;0;0;1;1;0;0;0;0;0;0;0;0;0;0;0;0;0;0;crossover;132
0,226708;0;1;0;0;1;0;0;1;0;0;0;0;1;0;0;0;0;0;0;0;1;0;0;0;0;1;1;1;0;0;0;0;0;0;0;0;crossover;132
0,142883;0;1;0;1;0;0;0;1;0;0;1;0;0;0;0;0;0;0;0;0;1;0;0;0;0;0;0;0;0;0;0;0;0;1;0;0;crossover;132
0,255064;0;1;0;0;1;0;0;1;0;0;1;0;0;0;0;0;0;0;0;0;0;1;0;0;0;0;0;0;0;0;0;0;0;0;0;1;mutation;136
0,237167;0;1;0;0;1;0;0;1;0;1;1;0;0;1;0;0;0;0;0;0;0;0;0;0;0;0;0;0;0;0;0;0;0;0;0;0;mutation;136
0,228861;0;1;0;0;1;0;0;1;0;0;1;0;0;0;0;1;0;0;0;0;0;1;0;0;0;0;0;1;0;0;0;0;0;0;0;0;mutation;136
0,250948;0;1;0;0;1;0;0;1;0;0;0;0;1;0;0;0;0;0;0;0;0;0;0;0;0;1;0;1;0;0;0;0;0;0;0;0;crossover;139
-0,043962;0;0;0;0;0;1;0;1;0;0;0;0;0;0;0;0;0;0;1;0;0;0;0;0;0;0;0;0;0;0;0;0;0;0;0;0;diversification;141
0,188103;0;1;0;0;1;0;0;1;0;0;0;0;0;0;0;0;0;0;0;0;0;0;0;0;0;0;0;0;1;0;1;0;0;0;0;0;diversification;141
0,269058;0;1;0;0;1;0;0;1;0;0;1;0;0;0;0;1;0;0;0;0;1;0;0;0;0;0;0;0;0;0;0;0;0;0;0;0;mutation;141
-0,606116;0;1;1;0;0;0;0;0;0;0;1;0;0;0;1;1;0;0;0;0;0;0;0;0;0;0;0;1;0;0;0;0;0;0;0;0;diversification;141
0,095616;0;1;0;1;0;0;0;0;0;0;1;0;0;0;0;0;0;0;1;0;0;0;0;0;0;0;0;0;0;0;0;0;0;0;0;0;diversification;141
-1,476152;1;1;0;0;0;1;0;1;0;1;1;0;1;0;0;1;0;0;0;0;0;0;0;0;0;1;0;0;0;0;0;0;1;0;0;0;diversification;141
-0,717850;0;0;0;0;1;0;0;0;0;1;1;0;0;0;0;0;0;0;0;0;1;0;0;0;0;0;0;0;0;0;0;0;1;0;0;0;diversification;141
-0,571603;0;1;0;0;1;0;0;0;1;0;0;0;0;0;0;0;0;0;0;0;1;1;0;0;0;0;0;0;0;0;0;0;0;0;1;0;diversification;141
-0,557640;1;1;0;0;0;0;0;1;1;0;1;0;0;0;0;0;0;0;0;0;0;0;0;0;0;0;0;0;0;0;0;0;1;0;0;0;diversification;141
-0,549935;0;0;1;0;0;1;0;1;0;0;0;1;1;0;0;0;0;0;0;0;1;1;0;0;0;0;0;0;0;0;0;0;0;1;0;0;diversification;141
-1,344735;0;1;0;0;0;0;0;1;0;0;1;0;1;1;0;1;0;0;0;0;0;0;0;0;0;1;0;0;0;0;0;0;0;1;0;0;diversification;141
-1,028135;0;1;0;0;0;0;0;1;0;0;1;0;0;0;0;0;0;0;0;0;1;0;1;1;0;0;1;0;0;0;0;0;0;0;1;0;diversification;141
-1,169860;0;1;0;0;1;0;0;1;0;0;1;0;0;0;0;1;1;0;0;0;1;0;0;0;0;1;0;0;1;0;0;0;1;0;1;0;diversification;141
-0,012227;0;0;0;0;1;0;0;0;0;0;0;0;0;0;0;0;1;0;0;0;1;0;0;0;0;0;0;0;0;0;0;0;1;0;0;0;diversification;141
0,128274;0;0;1;0;1;0;0;1;0;0;0;0;0;0;0;0;0;0;0;0;1;0;0;0;0;0;0;0;0;0;0;0;0;0;0;0;diversification;141
0,244720;0;1;0;0;1;0;0;1;0;1;0;0;1;0;0;0;0;0;0;0;1;0;0;0;0;0;0;0;0;0;0;0;0;0;0;0;crossover;142
0,215543;0;1;1;0;1;0;0;1;0;0;1;0;0;0;0;0;0;0;0;0;1;1;0;0;0;0;0;0;0;0;0;0;0;0;0;0;mutation;144
0,241010;0;1;0;0;1;0;0;1;0;1;0;0;1;0;0;0;0;0;0;0;0;0;0;0;0;0;0;0;1;0;0;0;0;0;0;0;mutation;144
-0,414835;0;1;0;0;1;0;0;1;0;0;1;0;1;0;0;0;0;0;0;0;1;1;0;0;0;0;0;0;0;0;0;0;0;0;0;0;mutation;146
0,049748;0;0;0;0;1;0;0;1;0;0;0;0;1;0;0;0;0;0;0;0;0;1;0;0;0;0;0;0;0;0;0;0;0;0;0;0;mutation;146
-1,732596;0;1;0;0;1;0;0;0;0;0;0;1;1;1;0;0;0;0;0;0;0;1;0;0;0;0;1;0;0;0;0;0;0;0;1;0;diversification;151
-0,666510;0;0;0;0;1;0;0;1;1;0;1;0;0;1;0;0;0;0;0;0;0;0;0;0;0;1;0;0;0;0;0;0;0;0;0;0;diversification;151
0,069804;0;1;0;0;0;0;0;1;0;0;1;0;0;0;0;0;0;0;0;0;0;0;1;0;1;0;0;1;0;0;0;0;0;0;0;0;diversification;151
-0,950178;1;1;1;0;1;0;0;1;0;0;1;0;0;0;0;0;0;0;0;0;1;0;0;0;0;1;0;0;0;0;0;0;0;0;1;1;diversification;151
0,010167;0;0;1;0;0;0;0;1;0;0;0;0;1;0;0;0;0;0;0;1;0;0;0;0;0;1;0;1;0;0;0;0;0;0;0;0;diversification;151
-0,666584;0;1;0;0;0;0;0;0;0;0;1;0;0;0;1;0;0;0;0;0;0;1;0;1;0;0;1;0;0;0;0;0;0;0;0;0;diversification;151
-0,718094;0;0;0;0;1;0;0;0;0;0;1;0;0;0;0;0;0;0;0;0;0;1;0;0;0;0;0;1;0;0;0;0;0;1;0;1;diversification;151
-0,608428;1;1;0;0;0;0;0;0;0;0;0;1;1;0;0;0;0;0;0;0;0;1;0;0;0;0;0;0;0;0;0;1;0;0;0;0;diversification;151
-0,469069;0;1;0;0;1;0;0;1;0;0;0;0;1;0;0;0;0;0;0;0;0;1;0;0;0;0;0;1;0;0;0;0;0;1;1;0;diversification;151
-1,416173;1;1;0;0;1;0;0;1;0;0;1;0;0;0;1;0;0;0;1;0;1;1;0;0;0;0;1;1;0;0;0;0;0;0;0;0;diversification;151
-0,227636;0;0;0;0;0;0;0;1;0;0;1;0;0;0;0;0;0;0;0;0;0;1;0;0;0;0;0;1;0;0;0;0;0;0;0;0;diversification;151
-0,968950;0;1;0;0;1;0;1;0;0;0;1;0;0;0;0;0;0;0;0;1;0;0;0;0;1;0;0;0;0;0;0;0;0;0;1;0;diversification;151
-0,676985;0;0;0;0;1;0;0;1;0;0;0;0;1;0;0;0;0;0;0;0;0;0;0;0;0;0;0;0;0;0;0;1;0;1;0;0;diversification;151
-1,188359;0;1;0;0;1;0;0;0;0;0;1;0;0;0;0;0;1;1;0;0;0;0;0;0;0;0;1;0;0;0;0;0;0;0;0;0;diversification;151
-0,699658;0;0;0;0;1;0;0;0;0;0;1;0;0;0;0;0;0;1;0;0;0;1;0;0;0;1;0;0;0;0;0;0;0;1;0;0;diversification;151
-0,249408;0;0;0;0;0;0;0;1;0;0;1;0;0;0;0;0;0;0;0;0;1;0;0;0;0;0;0;1;0;0;0;0;0;0;0;0;crossover;152
0,004693;0;0;0;0;1;0;0;0;0;0;1;0;0;0;0;0;0;0;0;0;0;1;0;0;0;0;0;1;0;0;0;0;0;0;0;0;crossover;152
-0,847315;0;0;0;0;0;0;0;1;0;0;1;0;0;0;0;0;0;0;0;0;0;1;0;0;0;0;0;1;0;0;0;0;0;1;0;1;crossover;152
0,227280;0;1;0;0;1;0;0;1;0;0;1;0;0;0;1;0;0;0;0;0;0;1;0;0;0;0;0;1;0;0;0;0;0;0;0;0;mutation;153
0,231657;0;1;0;0;1;0;0;1;0;0;1;0;0;0;0;0;0;0;0;0;1;0;0;0;1;0;0;0;0;0;0;0;0;0;0;0;mutation;153
0,242770;0;1;0;0;1;0;0;1;0;0;0;0;1;0;0;0;0;0;0;0;0;0;0;0;1;0;0;1;0;0;0;0;0;0;0;0;mutation;153
-0,523092;1;1;0;0;1;0;0;1;0;0;0;0;1;0;0;0;0;0;0;0;0;0;0;0;0;0;0;0;0;0;0;0;0;0;1;0;mutation;153
-0,498948;0;1;0;0;1;1;0;1;0;0;0;0;1;0;0;0;0;0;0;0;0;0;0;0;0;1;0;0;0;0;0;0;0;0;0;0;crossover;157
0,034885;0;1;0;0;0;0;0;1;0;0;1;0;0;0;0;0;0;0;0;0;0;0;0;0;0;0;0;0;0;0;0;0;0;1;0;0;crossover;157
0,245818;0;1;0;0;1;0;0;1;0;0;1;0;0;0;0;0;0;0;0;0;1;1;0;0;0;0;0;0;0;0;0;0;0;1;0;0;crossover;159
0,220533;0;1;0;0;1;0;0;1;0;0;0;0;1;0;0;0;0;0;0;0;1;1;0;0;0;0;0;1;0;0;0;0;0;0;0;0;crossover;160
-0,899530;0;1;0;0;1;0;0;0;0;0;0;0;1;0;1;0;0;0;0;0;0;0;0;0;0;0;0;0;0;1;1;0;1;0;0;0;diversification;161
-0,772010;0;0;0;0;1;0;0;0;0;0;0;0;0;0;0;0;0;0;0;0;1;0;1;1;0;0;0;0;0;0;0;0;0;1;0;0;diversification;161
0,242936;0;1;0;0;1;0;0;1;0;0;0;0;0;0;0;0;0;0;1;0;0;0;0;0;0;0;0;0;0;0;1;1;0;0;0;0;diversification;161
-0,735629;0;0;0;1;1;0;0;0;0;0;1;0;0;0;0;0;0;0;0;0;0;0;0;0;0;1;0;0;0;0;0;0;0;0;0;0;diversification;161
-1,759719;0;1;0;0;1;1;1;1;0;0;1;0;0;0;0;1;1;0;0;0;0;1;0;0;0;0;1;1;0;0;0;0;0;0;0;0;diversification;161
-1,281589;0;1;0;0;0;0;0;1;0;0;1;0;1;0;0;0;1;0;0;0;0;1;1;0;0;0;0;1;0;0;0;1;0;0;0;0;diversification;161
0,165204;0;1;0;0;1;0;0;1;0;1;0;1;0;0;0;0;0;0;0;0;0;0;0;0;1;0;0;1;0;0;1;0;0;0;0;0;diversification;161
-1,203053;0;1;0;1;1;0;0;1;1;0;1;0;0;0;0;0;0;0;0;0;0;0;0;0;0;1;0;0;0;0;1;0;0;0;0;0;diversification;161
-1,092294;0;0;0;0;1;0;0;0;1;0;1;0;0;0;0;1;1;0;0;0;0;1;0;0;0;0;0;1;0;0;0;0;0;0;0;0;diversification;161
-0,759231;0;1;0;0;0;0;0;1;0;0;0;0;0;0;0;0;0;0;0;0;0;0;0;0;0;0;0;0;0;1;1;0;0;0;0;0;diversification;161
-0,685887;0;0;0;0;1;0;1;0;0;1;1;0;0;0;0;0;0;0;1;1;0;0;0;0;0;0;0;0;0;0;0;0;0;0;0;0;diversification;161
-0,602943;1;0;1;0;1;0;0;1;0;0;0;0;0;0;0;0;0;0;0;1;0;0;0;0;0;0;0;0;0;0;0;0;0;1;0;0;diversification;161
-1,037672;0;0;0;0;1;0;1;1;0;0;0;0;1;0;0;0;0;0;1;0;0;0;0;0;0;0;0;0;0;0;0;0;0;0;1;0;diversification;161
0,234941;0;1;0;0;1;0;0;1;0;1;1;0;0;0;0;0;0;0;0;0;0;0;0;0;0;0;0;1;0;0;0;0;0;0;0;0;crossover;162
0,259981;0;1;0;0;1;0;0;1;0;0;0;0;1;0;0;1;0;0;0;0;0;1;0;0;0;0;0;0;0;0;0;0;0;0;0;0;mutation;163
0,225925;0;1;0;0;1;0;0;1;0;0;1;0;0;0;0;0;0;0;0;0;1;0;0;0;0;0;0;1;0;0;1;0;0;0;0;0;mutation;163
-0,435769;0;1;0;0;1;0;0;1;0;0;1;0;0;0;0;1;0;0;0;0;1;0;0;0;0;0;0;0;0;0;0;0;0;1;0;0;crossover;164
0,270183;0;1;0;0;0;1;0;1;0;0;1;0;0;0;0;0;0;0;0;0;1;0;0;0;0;0;0;0;0;0;0;0;0;0;0;0;crossover;164
-0,417321;0;1;0;0;1;0;0;1;0;0;1;0;0;0;0;0;0;0;0;0;0;0;0;0;0;0;0;0;0;0;0;1;0;0;0;0;mutation;165
-0,427837;0;1;0;0;1;0;0;1;0;0;1;0;0;0;0;0;0;0;0;0;0;1;0;0;0;0;0;0;0;0;0;0;0;0;1;1;mutation;165
0,210451;0;1;0;0;1;0;0;1;0;0;0;0;0;0;0;0;0;0;0;0;0;0;0;0;0;0;0;0;0;0;0;0;0;0;1;0;crossover;166
-0,475896;0;1;0;0;1;0;0;1;1;0;1;0;0;0;0;0;0;0;0;0;0;0;0;0;0;0;0;0;0;0;0;0;0;0;0;0;mutation;167
0,247638;0;1;0;0;1;0;0;1;0;0;0;0;0;0;0;0;0;0;0;0;1;0;0;0;0;0;0;1;0;0;0;0;0;0;0;0;crossover;167
0,224020;0;1;0;0;1;0;0;1;0;1;1;0;0;0;0;0;0;0;0;0;1;0;0;0;0;0;0;0;0;0;0;0;0;1;0;0;crossover;167
-0,451896;0;1;0;0;1;0;0;1;0;0;1;0;1;0;0;0;0;0;0;0;0;0;0;0;0;0;0;1;0;0;0;0;0;0;0;0;crossover;168
-0,435234;0;1;0;0;1;0;0;1;0;0;1;0;1;0;0;0;0;0;0;0;0;0;0;0;0;0;0;0;0;0;0;0;0;1;0;0;crossover;169
0,266268;0;1;0;0;1;0;0;1;0;0;1;0;0;0;0;0;0;0;0;0;0;0;0;0;0;1;0;0;0;0;0;0;0;1;0;0;crossover;170
-1,288182;0;1;0;0;1;1;0;0;0;0;1;0;0;0;1;0;0;0;0;0;1;0;0;0;0;0;0;1;0;0;0;0;0;1;1;0;diversification;171
-0,036271;0;0;0;0;1;0;0;0;0;0;0;0;0;1;0;1;0;0;0;0;1;0;0;0;0;0;0;0;0;0;0;0;0;0;0;0;diversification;171
-0,708471;0;0;0;0;1;0;0;0;0;0;0;0;1;0;0;0;0;0;0;1;0;0;0;0;1;0;0;0;0;0;0;0;0;1;0;0;diversification;171
-0,611080;0;1;0;0;0;0;1;1;0;0;0;0;0;1;0;0;0;0;1;0;0;0;0;0;0;1;0;0;0;0;0;0;0;0;0;0;diversification;171
-0,048132;0;1;0;0;0;0;0;0;0;0;0;0;0;0;0;0;0;0;0;0;1;0;0;0;0;1;1;1;0;0;0;0;0;0;0;0;diversification;171
-0,760856;0;0;0;0;0;1;0;0;0;0;1;0;0;0;0;0;0;0;0;0;0;0;0;0;0;0;0;0;0;0;0;1;0;1;0;0;diversification;171
-0,669592;0;1;0;0;0;0;0;1;0;0;1;0;0;0;0;0;0;0;0;0;0;0;0;0;0;1;1;0;0;0;0;0;0;0;1;0;diversification;171
-0,530586;0;1;0;0;1;0;1;1;0;0;0;0;1;0;0;0;0;0;0;0;0;1;0;0;0;0;0;0;0;0;0;0;0;1;0;0;diversification;171
-0,979250;0;1;0;0;1;1;0;0;0;1;1;0;0;0;0;1;0;0;1;0;1;0;0;0;0;0;0;0;0;0;0;0;0;0;0;0;diversification;171
-0,201796;0;0;0;0;0;0;0;1;0;0;1;0;0;0;0;0;1;0;0;0;1;0;0;0;0;0;0;0;0;0;0;0;0;0;0;0;diversification;171
0,224307;0;1;0;0;0;1;0;1;0;0;0;0;1;0;0;0;0;0;0;0;1;0;0;0;0;0;0;1;0;0;0;0;0;0;0;0;crossover;172
0,235314;0;1;0;0;1;0;0;1;0;0;0;0;1;0;1;0;0;0;0;0;0;0;0;0;0;1;0;0;0;0;0;0;0;0;0;0;mutation;173
0,195769;0;1;0;0;1;0;0;0;0;0;1;0;0;0;0;0;0;0;0;0;0;1;0;0;0;0;0;0;0;0;0;0;0;0;0;0;mutation;174
0,234353;0;1;0;0;1;0;0;1;0;0;0;0;1;0;0;0;0;0;0;0;0;1;0;0;0;0;0;0;0;0;0;0;0;0;1;0;crossover;174
0,251134;0;1;0;0;0;1;0;1;0;0;0;0;1;0;0;0;0;0;0;0;1;0;0;0;0;0;0;0;0;0;0;0;0;1;0;0;crossover;174
0,257901;0;1;0;0;0;1;0;1;0;0;1;0;0;0;0;0;0;0;0;0;1;0;0;0;0;0;0;0;0;0;0;0;0;1;0;0;crossover;174
0,174885;0;1;0;0;1;0;0;0;0;1;1;0;0;0;0;0;0;0;0;0;0;0;0;0;0;0;0;0;0;0;0;0;0;0;0;0;mutation;175
