File output_ga/all/ga_setpack_superheavy_new_mut_10_log,csv
elapsed_time;max_gen_reached
179,157447;False
corr_threshold;cxpb;db;divfac;divstep;elsize;k;lang;max_no_improv;maxs;metric;mincxpb;mins;mutpb;muttype;ngen;pltfile;pltvar;pop;save_log;seed;selec;toursize;verbose;wo
0,7;0,8;all;0,5;0,1;0,5;10;pt;0,2;36;sc;0,8;3;0,02;0,1;300;None;False;50;True;-1;bin;0,2;True;False
Solutions
evaluation;kills;deaths;assists;denies;gold_per_min;xp_per_min;hero_damage;hero_healing;last_hits;firstblood_claimed;obs_placed;rune_pickups;sen_placed;teamfight_participation;tower_damage;towers_killed;neutral_kills;tower_kills;lane_kills;roshan_kills;necronomicon_kills;courier_kills;observer_kills;sentry_kills;ancient_kills;camps_stacked;gold_spent;pings;roshans_killed;stuns;buyback_count;observer_uses;sentry_uses;lane_efficiency;purchase_tpscroll;actions_per_min;origin;generation
-0,040277;0;1;0;0;0;0;0;0;0;0;1;0;0;0;0;1;0;0;0;0;0;0;0;1;0;0;0;1;0;0;0;0;0;0;0;0;initial;0
0,019145;0;0;0;0;0;0;0;1;1;1;1;0;0;0;0;0;0;1;0;0;0;0;0;1;0;1;0;1;0;0;1;0;0;0;0;0;initial;0
0,135051;1;1;1;1;0;0;0;1;0;1;0;0;0;0;0;0;0;1;0;0;1;1;1;0;0;1;0;1;0;0;0;0;1;0;1;0;initial;0
0,120730;0;1;1;1;0;0;1;1;0;1;0;0;0;0;0;0;1;0;0;0;1;1;1;0;0;1;0;1;1;0;1;0;1;0;0;1;initial;0
0,104871;0;1;1;1;0;0;1;1;0;1;1;0;0;0;0;1;0;0;0;0;1;1;0;1;0;1;0;1;0;1;0;0;0;0;0;1;initial;0
0,131482;1;1;1;0;0;0;0;1;1;1;0;0;0;1;1;0;0;0;0;0;1;1;0;1;0;1;0;1;0;0;0;0;1;0;0;0;initial;0
0,143942;0;1;1;0;0;1;0;1;0;1;0;1;0;0;0;0;1;0;0;1;1;1;0;1;0;1;0;1;0;0;1;1;0;0;0;0;initial;0
0,130804;1;1;1;1;0;0;0;1;0;1;0;0;0;0;0;0;0;0;0;0;1;1;1;0;1;1;0;1;0;0;0;0;1;1;0;0;initial;0
0,141779;0;1;1;0;0;1;0;1;0;1;0;0;0;0;0;0;0;0;1;0;1;1;1;0;0;1;0;1;1;1;0;1;0;0;0;0;initial;0
0,147546;1;1;1;0;0;0;0;1;1;1;0;1;0;0;0;1;0;0;0;0;1;1;1;0;0;1;0;1;0;0;1;1;0;0;0;0;initial;0
0,152682;0;1;1;1;0;0;1;1;0;1;0;0;0;0;0;0;0;0;1;0;1;1;1;0;0;1;0;1;1;1;0;1;0;0;0;0;initial;0
0,160090;0;1;1;0;1;0;0;1;0;1;0;0;0;0;0;1;0;0;0;0;1;1;0;1;0;1;0;1;0;1;0;0;1;0;0;1;initial;0
0,116589;1;1;1;1;0;0;0;1;0;1;0;0;0;0;1;0;0;0;0;0;1;1;1;0;0;1;0;1;0;0;1;0;1;0;0;1;initial;0
0,143095;0;1;1;0;0;1;0;0;0;0;0;0;0;1;0;0;1;0;0;0;1;1;0;0;0;0;0;1;0;0;0;1;0;0;0;0;initial;0
0,142230;0;1;1;0;0;1;0;1;0;1;0;0;0;0;0;0;0;0;0;0;1;1;0;1;1;1;0;1;0;1;0;1;0;0;0;1;initial;0
0,135524;0;1;1;1;0;0;1;1;0;1;0;0;0;0;0;0;0;1;0;0;1;1;1;0;0;1;0;1;0;0;0;0;1;0;1;0;initial;0
0,157789;0;1;1;0;0;1;0;0;0;0;0;0;0;0;0;0;0;0;0;0;1;1;1;0;0;0;0;1;1;0;1;1;0;0;0;1;initial;0
0,182978;0;1;0;1;0;0;0;0;0;0;0;0;0;0;0;0;0;0;0;1;1;0;0;0;0;0;0;0;0;0;0;0;1;1;0;0;initial;0
0,135756;0;1;1;0;0;1;0;1;0;1;1;1;0;0;1;0;0;0;0;0;1;1;1;0;0;1;0;1;0;0;1;0;0;0;0;0;initial;0
0,034953;1;0;1;0;0;0;0;0;1;0;0;0;0;0;0;0;0;0;0;0;0;0;0;0;0;1;0;0;0;0;0;1;0;0;0;0;initial;0
0,098165;1;1;1;0;0;0;0;0;1;1;1;0;0;0;0;1;0;0;0;0;1;0;0;1;0;1;0;0;0;0;1;0;0;0;0;1;initial;0
0,125460;1;1;1;0;0;0;0;1;1;1;0;0;0;0;0;1;0;0;0;0;1;1;1;0;0;1;0;1;0;0;1;1;0;0;0;1;initial;0
0,139159;1;1;1;0;0;0;0;1;1;1;0;0;0;0;0;0;0;0;1;1;1;1;1;0;0;1;0;1;0;0;1;1;0;0;0;0;initial;0
0,159922;0;1;1;0;1;0;0;1;0;1;0;1;1;0;0;0;1;0;0;1;1;1;1;0;0;1;0;1;0;0;1;0;0;0;0;0;initial;0
0,133325;1;1;1;0;0;0;0;1;1;1;0;0;0;1;0;0;1;0;0;1;1;1;0;1;0;1;0;1;0;0;0;1;0;0;0;0;initial;0
-0,235686;0;0;0;0;0;0;0;0;0;0;0;0;0;0;0;0;1;0;0;0;0;0;0;1;0;0;0;1;0;0;0;0;0;0;0;0;initial;0
0,159761;0;1;1;0;1;0;0;1;0;1;0;1;0;0;0;0;1;0;0;1;1;1;0;1;0;1;0;1;0;0;1;1;0;0;0;0;initial;0
0,171581;0;1;1;0;1;0;0;1;0;1;0;0;0;0;0;0;0;0;0;0;1;1;1;0;1;1;0;1;0;0;0;0;1;0;1;0;initial;0
-0,187266;0;0;0;0;0;0;0;0;0;0;0;0;0;0;1;0;0;0;0;0;0;1;1;0;0;0;0;1;0;1;0;0;0;0;0;0;initial;0
0,148480;0;1;1;0;0;1;0;1;0;1;1;0;0;0;0;0;0;0;1;1;1;1;1;0;0;1;0;1;0;1;0;0;0;0;0;0;initial;0
0,132807;0;1;1;1;0;0;1;1;0;1;0;0;0;0;0;0;1;0;0;0;1;1;0;1;0;1;0;1;1;0;1;0;1;0;0;1;initial;0
0,172126;0;1;1;0;0;1;0;1;0;1;0;0;0;0;0;0;0;1;0;0;0;0;0;1;0;0;0;0;0;1;0;0;1;0;0;1;initial;0
0,021478;0;0;0;0;0;1;0;0;0;0;0;0;0;0;0;0;1;0;0;0;1;0;0;1;0;0;0;1;0;1;0;0;1;0;0;1;initial;0
0,156406;1;1;1;0;0;0;0;1;1;1;0;0;1;0;0;0;0;0;0;0;1;1;1;0;1;1;0;1;0;0;0;0;0;1;0;0;initial;0
0,153873;1;1;1;0;0;0;0;1;1;1;0;0;1;0;0;0;1;0;0;0;1;1;1;0;0;1;0;1;1;0;1;0;0;0;0;1;initial;0
0,119075;0;0;1;0;0;0;0;0;1;1;0;1;0;0;0;0;0;0;0;0;1;0;0;0;0;1;0;1;1;0;1;1;0;0;0;0;initial;0
0,125105;0;1;1;1;0;0;1;1;0;1;0;0;0;0;0;0;1;0;0;1;1;1;0;1;0;1;0;1;0;1;0;1;0;0;0;1;initial;0
0,134971;1;1;1;0;0;0;0;1;1;1;0;0;0;0;0;0;0;0;0;0;1;1;0;1;1;1;0;1;0;0;0;0;1;0;1;0;initial;0
0,174464;0;1;0;1;0;0;0;0;0;0;0;0;0;0;0;0;0;0;0;1;1;0;0;1;0;0;0;1;0;0;0;0;1;1;0;0;initial;0
0,141010;1;1;1;0;0;0;0;1;1;1;0;1;0;0;0;0;0;1;0;0;1;1;0;1;0;1;0;1;0;0;1;0;1;0;0;0;initial;0
0,187420;1;1;0;0;0;0;0;1;1;1;0;1;0;0;0;0;0;0;0;0;0;0;1;0;1;1;0;0;0;0;1;1;0;0;0;0;initial;0
0,152717;0;1;0;0;0;1;0;1;0;1;1;0;0;0;1;0;0;0;0;0;0;1;0;1;0;1;0;1;0;0;1;0;0;0;0;1;initial;0
0,144835;0;1;1;1;0;0;1;1;0;1;1;0;0;0;0;0;0;0;0;0;1;1;0;1;1;1;1;1;0;0;0;0;0;0;0;0;initial;0
0,129636;1;1;0;1;0;0;0;1;0;1;0;0;0;0;0;0;1;0;0;0;1;1;1;0;0;1;0;1;1;1;0;1;0;0;0;1;initial;0
0,170310;0;1;1;0;1;0;0;1;0;1;0;0;1;0;0;0;1;0;0;0;1;1;0;1;0;1;0;1;1;1;0;0;0;0;0;1;initial;0
0,144757;1;1;1;0;0;0;0;1;1;1;1;0;0;0;0;0;1;0;0;1;1;1;0;1;0;1;0;1;0;0;0;0;0;0;1;0;initial;0
-0,045059;0;0;0;0;0;0;1;0;0;1;1;0;0;0;0;0;0;0;0;0;0;0;0;0;0;0;0;1;1;0;0;0;0;0;0;0;initial;0
0,123629;0;1;1;1;0;0;1;1;0;1;0;0;0;0;0;1;0;0;0;0;1;1;1;0;0;1;0;1;0;0;0;0;1;0;1;0;initial;0
0,144265;1;1;1;0;0;0;0;1;1;1;0;0;0;1;1;0;0;0;0;0;1;1;0;1;0;1;0;1;0;0;0;1;0;0;0;0;initial;0
-0,040546;0;0;1;0;0;0;0;0;0;0;0;0;0;0;0;0;0;0;0;0;0;0;0;0;1;1;0;0;0;0;0;1;0;1;0;0;initial;0
-0,966238;0;1;1;1;0;0;1;1;0;1;1;0;0;0;0;1;0;0;0;0;0;0;1;0;1;1;0;0;0;0;1;1;0;0;0;0;crossover;1
-0,573678;0;1;1;1;0;0;1;1;0;1;0;0;0;0;0;0;0;1;0;0;1;1;1;0;0;1;0;1;1;1;0;1;0;0;0;1;crossover;1
0,148469;1;1;0;1;0;0;0;1;0;1;0;0;0;0;0;0;1;0;0;0;1;1;1;0;0;1;0;1;0;0;0;0;1;0;1;0;crossover;1
-0,549095;0;1;0;1;0;0;0;0;0;0;0;0;0;0;0;0;0;0;0;1;1;0;0;0;0;1;0;1;1;1;0;1;0;0;0;0;crossover;1
-0,543549;0;1;1;0;0;1;0;1;0;1;0;0;0;0;0;0;0;0;1;0;1;1;1;0;0;0;0;0;0;0;0;0;1;1;0;0;crossover;1
0,147439;0;1;1;0;0;1;0;1;0;1;0;0;1;0;0;0;1;0;0;0;1;1;0;1;0;1;0;1;1;1;0;0;0;0;0;1;crossover;1
0,162674;0;1;1;0;1;0;0;1;0;1;1;1;0;0;1;0;0;0;0;0;1;1;1;0;0;1;0;1;0;0;1;0;0;0;0;0;crossover;1
0,131669;0;1;1;0;0;1;0;1;0;1;0;0;0;0;0;1;0;0;0;0;1;1;0;1;0;1;0;1;0;1;0;0;1;0;0;1;crossover;1
-1,761248;0;1;1;0;1;0;0;1;1;1;0;0;1;0;0;0;1;1;0;0;1;1;0;1;0;1;0;1;1;1;0;1;0;0;1;1;mutation;1
-0,602412;0;0;1;1;0;0;1;0;0;0;0;0;0;0;0;0;0;0;0;1;1;0;0;1;0;0;0;1;0;0;0;1;1;1;0;0;mutation;1
0,158011;0;1;1;0;1;0;0;1;0;1;0;0;0;0;0;0;0;0;0;0;1;1;0;1;1;1;0;1;0;1;0;1;0;0;0;1;crossover;1
0,154858;0;1;1;0;0;1;0;1;0;1;0;0;0;0;0;0;0;0;0;0;1;1;1;0;1;1;0;1;0;0;0;0;1;0;1;0;crossover;1
0,080905;0;1;0;1;0;0;0;0;0;0;0;0;0;0;0;0;0;0;0;0;1;1;0;1;0;1;0;1;0;1;0;0;0;0;0;1;crossover;1
-1,235365;0;1;1;1;0;0;1;1;0;1;1;0;0;0;0;1;0;0;0;1;1;0;0;0;0;0;0;0;0;0;0;0;1;1;0;0;crossover;1
-1,255278;0;1;0;0;0;1;0;1;0;1;1;0;0;0;1;0;0;0;0;0;0;1;0;1;0;1;0;1;0;0;1;0;1;1;0;0;crossover;2
0,163623;1;1;0;1;0;0;0;0;0;0;0;0;0;0;0;0;0;0;0;1;1;0;0;0;0;0;0;0;0;0;0;0;1;1;0;0;crossover;2
0,167731;0;1;0;1;0;0;0;1;0;1;0;0;0;0;0;0;1;0;0;0;1;1;1;0;0;1;0;1;0;0;0;0;1;0;1;0;crossover;2
-0,586416;1;1;1;0;0;0;0;1;1;1;0;1;0;0;0;0;0;1;0;0;1;1;0;1;0;1;0;1;0;0;0;0;0;0;1;0;crossover;2
-0,553917;1;1;1;0;0;0;0;1;1;1;1;0;0;0;0;0;1;0;0;1;1;1;0;1;0;1;0;1;0;0;1;0;1;0;0;0;crossover;2
-0,957315;1;1;1;0;0;0;0;1;1;1;0;0;0;1;1;0;0;0;0;1;1;1;0;1;0;1;0;1;0;0;1;1;0;0;0;0;crossover;2
0,140006;0;1;1;0;0;1;0;1;0;1;0;1;0;0;0;0;1;0;0;0;1;1;0;1;0;1;0;1;0;0;0;1;0;0;0;0;crossover;2
-0,542048;0;1;1;0;0;1;0;0;0;0;0;0;0;1;0;0;1;0;0;0;1;1;1;0;0;1;0;1;0;0;1;1;0;0;0;0;crossover;2
0,154398;1;1;1;0;0;0;0;1;1;1;0;0;0;0;0;0;0;0;1;1;1;1;0;0;0;0;0;1;0;0;0;1;0;0;0;0;crossover;2
0,094707;0;1;0;1;0;0;0;0;0;0;0;0;0;0;0;1;0;0;0;0;1;1;1;0;0;1;0;1;0;0;1;1;0;0;0;0;crossover;2
-0,523865;1;1;1;0;0;0;0;1;1;1;0;1;0;0;0;0;0;0;0;1;1;0;0;1;0;0;0;1;0;0;0;0;1;1;0;0;crossover;2
-1,225446;0;1;1;0;1;0;0;1;0;1;1;1;0;0;1;0;0;0;0;0;1;1;1;0;0;0;0;1;1;0;1;1;0;0;0;1;crossover;2
0,140903;0;1;1;0;0;1;0;0;0;0;0;0;0;0;0;0;0;0;0;0;1;1;1;0;0;1;0;1;0;0;1;0;0;0;0;0;crossover;2
0,153872;0;1;1;0;0;1;0;1;0;1;0;0;0;0;0;0;0;0;0;1;1;0;0;1;0;0;0;1;0;0;0;0;1;1;0;0;crossover;2
0,090450;0;1;0;1;0;0;0;0;0;0;0;0;0;0;0;0;0;1;0;0;0;0;0;1;0;0;0;0;0;1;0;0;1;0;0;1;crossover;2
-0,945100;1;1;1;0;0;0;0;1;1;1;0;0;1;0;0;0;0;0;0;0;1;1;1;1;0;0;0;1;0;0;0;0;1;1;0;0;crossover;2
-0,500243;0;1;0;1;0;0;0;0;0;0;0;0;0;0;0;0;0;0;0;1;1;0;0;0;1;1;0;1;0;0;0;0;0;1;0;0;crossover;2
-0,543877;0;1;1;0;0;1;0;1;1;1;0;0;0;1;1;0;0;0;0;0;1;1;0;1;0;1;0;1;0;0;0;1;0;0;0;0;crossover;2
0,092576;1;1;1;0;0;0;0;1;0;1;0;0;0;0;0;0;0;1;0;0;0;0;0;1;0;0;0;0;0;1;0;0;1;0;0;1;crossover;2
0,133090;0;1;1;0;0;1;0;0;0;0;0;0;0;0;0;0;0;0;0;0;1;1;0;1;0;1;0;1;0;0;1;0;0;0;0;1;crossover;3
-0,526705;0;1;1;0;1;0;0;1;0;1;0;1;1;0;0;1;0;0;0;0;1;1;1;0;0;1;0;1;0;0;1;1;0;0;0;0;crossover;3
0,115096;1;1;1;0;0;0;0;1;1;1;0;1;0;0;0;0;1;0;0;1;1;1;1;0;0;1;0;1;0;0;1;0;0;0;0;0;crossover;3
-0,570605;1;1;1;0;0;1;0;1;0;1;0;1;0;0;0;0;1;0;0;1;1;1;0;1;0;1;0;1;0;0;1;1;0;0;0;0;crossover;3
0,148961;0;1;1;0;0;0;0;1;1;1;0;0;1;0;0;0;0;0;0;0;1;1;1;0;1;1;0;1;0;0;0;0;0;1;0;0;crossover;3
0,138029;1;1;0;1;0;0;0;1;0;1;0;0;0;0;0;0;1;0;0;0;1;1;1;0;0;1;0;1;0;0;0;0;0;0;0;0;crossover;3
-1,230749;0;1;1;0;1;0;0;1;0;1;0;1;0;0;0;0;1;0;0;1;1;1;0;1;0;1;0;1;0;0;1;1;1;0;1;0;crossover;3
0,181172;0;1;0;1;0;0;0;0;0;0;0;0;0;0;0;0;0;0;0;1;1;0;0;1;0;1;0;1;0;0;0;1;0;0;0;0;crossover;3
-0,940579;1;1;1;0;0;0;0;1;1;1;0;0;0;1;1;0;0;0;0;0;1;1;0;0;0;0;0;0;0;0;0;0;1;1;0;0;crossover;3
-0,534044;1;1;1;0;0;0;0;1;1;1;0;0;0;0;0;0;0;0;1;1;1;1;0;0;0;0;0;0;0;1;0;0;1;0;0;1;crossover;3
0,132763;0;1;1;0;0;1;0;1;0;1;0;0;0;0;0;0;0;1;0;0;0;0;0;1;0;0;0;1;0;0;0;1;0;0;0;0;crossover;3
-0,952296;1;1;0;0;0;0;0;1;1;1;0;1;0;0;0;0;0;0;0;0;0;0;1;0;1;1;0;0;0;1;0;0;0;0;0;1;crossover;3
-0,548908;0;1;1;0;0;1;0;1;0;1;0;0;1;0;0;0;1;0;0;0;1;1;0;1;0;1;0;1;1;0;1;1;0;0;0;0;crossover;3
-0,597497;0;1;0;1;0;0;0;0;0;0;0;0;0;0;0;0;0;0;0;1;1;0;0;1;0;0;0;1;0;0;0;0;1;1;1;0;crossover;3
0,166977;0;1;0;1;0;0;0;1;0;1;0;0;0;0;0;0;1;0;0;0;1;1;1;0;0;1;0;1;0;0;0;0;1;0;0;0;crossover;3
-0,951405;0;1;1;0;0;1;0;1;0;1;1;0;0;0;0;0;0;0;1;1;1;1;1;0;0;1;0;1;0;0;0;0;1;1;0;0;crossover;3
0,094596;0;1;0;1;0;0;0;0;0;0;0;0;0;0;0;0;0;0;0;1;1;0;0;1;0;0;0;1;0;1;0;0;0;0;0;0;crossover;3
0,158445;0;1;1;0;1;0;0;1;0;1;0;0;0;0;0;1;0;0;0;0;1;1;1;0;0;1;0;1;0;0;1;1;0;0;0;0;crossover;4
0,163339;0;1;1;0;0;1;0;0;0;0;0;0;0;0;0;0;0;0;0;0;1;1;0;1;0;0;0;0;0;0;0;0;1;1;0;0;crossover;4
0,094960;0;1;0;1;0;0;0;0;0;0;0;0;0;0;0;0;0;0;0;1;1;0;0;0;0;1;0;1;0;0;1;0;0;0;0;1;crossover;4
0,181156;0;1;0;0;1;0;0;1;0;1;0;0;0;0;0;0;0;0;0;0;1;1;1;0;1;1;0;1;0;0;0;0;1;0;1;0;crossover;4
0,144822;0;1;1;0;0;1;0;1;0;1;1;0;0;0;1;0;0;0;0;0;0;1;0;1;0;1;0;1;0;0;1;0;0;0;0;1;crossover;4
0,154686;1;1;0;0;0;0;0;1;1;1;0;1;0;0;0;0;0;0;0;0;1;1;1;0;0;1;0;1;0;0;0;0;0;0;0;0;crossover;4
-0,549693;1;1;0;1;0;0;0;1;0;1;0;0;0;0;0;0;1;0;0;0;0;0;1;0;1;1;0;0;0;0;1;1;0;0;0;0;crossover;4
0,132421;0;1;1;0;0;1;0;0;0;1;0;0;0;0;0;0;0;0;0;0;1;1;1;0;1;1;0;1;0;0;0;0;1;0;1;0;crossover;4
0,173893;0;1;1;0;1;0;0;1;0;0;0;0;0;0;0;0;0;0;0;0;1;1;1;0;0;0;0;1;1;0;1;1;0;0;0;1;crossover;4
-0,539243;1;1;1;0;0;0;0;1;1;1;0;0;1;0;0;0;1;0;0;0;1;1;1;0;0;1;0;1;0;0;0;0;1;0;1;0;crossover;4
0,117660;1;1;0;1;0;0;0;1;0;1;0;0;0;0;0;0;1;0;0;0;1;1;1;0;0;1;0;1;1;0;1;0;0;0;0;1;crossover;4
-0,503627;0;1;1;0;1;0;0;1;0;1;0;0;0;0;0;1;0;0;0;0;1;1;0;0;0;0;0;0;0;0;0;0;1;1;0;0;crossover;4
0,169018;0;1;0;1;0;0;0;0;0;0;0;0;0;0;0;0;0;0;0;1;1;0;0;1;0;1;0;1;0;1;0;0;1;0;0;1;crossover;4
0,175902;0;1;1;0;1;0;0;1;0;1;0;0;0;0;0;0;1;0;0;0;1;1;1;0;0;1;0;1;0;0;0;0;1;0;0;0;crossover;5
0,073372;0;1;0;1;0;0;0;0;0;0;0;0;0;0;0;0;0;0;0;0;0;1;0;1;0;1;0;1;0;0;1;0;0;0;0;1;crossover;5
-0,938615;0;1;1;0;0;1;0;1;0;1;1;0;0;0;1;0;0;0;0;1;1;0;0;1;0;1;0;1;0;0;0;1;0;0;0;0;crossover;5
0,162714;0;1;0;1;0;0;0;0;0;1;0;0;0;0;0;0;0;0;0;0;1;1;1;0;1;1;0;1;0;0;0;0;1;0;1;0;crossover;5
0,185885;0;1;1;0;1;0;0;1;0;0;0;0;0;0;0;0;0;0;0;1;1;0;0;1;0;0;0;1;0;0;0;0;1;1;0;0;crossover;5
0,154039;1;1;0;1;0;0;0;0;0;0;0;0;0;0;0;1;0;0;0;0;1;1;0;1;0;1;0;1;0;1;0;0;1;0;0;1;crossover;5
0,192625;0;1;1;0;1;0;0;1;0;1;0;0;0;0;0;0;0;0;0;1;1;0;0;0;0;0;0;0;0;0;0;0;1;1;0;0;crossover;5
0,128309;1;1;0;1;0;0;0;0;0;0;0;0;0;0;0;0;0;0;0;1;1;0;0;1;0;0;0;1;0;0;0;0;1;1;0;0;crossover;5
0,046985;0;1;1;0;0;0;0;0;0;0;0;0;0;0;0;0;0;0;0;1;1;0;0;0;0;0;0;0;0;0;0;0;1;1;0;0;crossover;5
-0,939780;1;1;0;1;0;1;0;1;0;1;0;0;0;0;0;0;0;0;0;1;1;0;0;1;0;0;0;1;0;0;0;0;1;1;0;0;crossover;5
-1,217277;0;1;1;0;1;0;0;1;0;1;1;1;0;0;1;0;0;0;0;0;1;1;1;0;0;1;0;1;0;0;0;0;1;1;0;0;crossover;6
0,190175;0;1;1;0;1;0;0;1;0;1;0;0;0;0;0;0;0;1;0;0;0;0;0;1;0;0;0;0;0;1;0;0;1;0;0;1;crossover;6
0,159624;0;1;1;0;0;1;0;1;0;1;0;0;0;0;0;0;0;0;0;1;1;0;0;0;0;0;0;0;0;0;0;0;1;1;0;0;crossover;6
-0,542528;0;1;1;0;0;1;0;1;0;1;0;0;0;0;0;0;0;1;0;0;0;0;0;1;0;0;0;1;0;0;0;0;1;1;0;0;crossover;6
0,190318;0;1;1;0;1;0;0;1;0;0;0;0;0;0;0;0;0;0;0;1;1;0;0;1;0;0;0;0;0;1;0;0;1;0;0;1;crossover;6
0,181060;0;1;0;1;0;0;0;1;0;1;0;1;0;0;0;0;0;0;0;0;0;0;1;0;1;1;0;0;0;0;1;1;0;0;0;0;crossover;6
0,161184;1;1;0;0;0;0;0;1;1;1;0;0;0;0;0;0;1;0;0;0;1;1;1;0;0;1;0;1;0;0;0;0;1;0;0;0;crossover;6
0,165742;0;1;1;0;1;0;0;1;0;0;0;0;0;0;0;0;0;0;0;1;1;0;0;1;0;1;0;1;0;0;0;1;0;0;0;0;crossover;7
0,170348;0;1;0;1;0;0;0;0;0;0;0;0;0;0;0;0;0;0;0;1;1;0;0;1;0;0;0;0;0;0;0;0;1;1;0;0;crossover;7
0,169358;0;1;1;0;0;1;0;0;0;0;0;0;0;0;0;0;0;0;0;0;1;1;0;0;0;0;0;0;0;0;0;0;1;1;0;0;crossover;7
0,168663;0;1;1;0;1;0;0;1;0;1;0;0;0;0;0;0;1;0;0;0;1;1;1;0;0;1;0;1;0;0;0;0;1;0;0;1;crossover;7
0,159652;0;1;1;0;1;0;0;1;0;1;0;0;1;0;0;0;1;0;0;0;1;1;0;1;0;1;0;1;1;1;0;0;0;0;0;0;crossover;7
-0,521185;0;1;0;1;0;0;0;1;0;1;0;0;0;0;0;0;1;0;0;0;1;1;1;0;1;1;0;1;0;0;0;0;1;0;1;0;crossover;7
0,173636;0;1;1;0;1;0;0;1;0;1;0;0;0;0;0;0;0;0;0;0;1;1;1;0;0;1;0;1;0;0;0;0;1;0;0;0;crossover;7
0,143656;0;1;1;0;0;1;0;0;0;0;0;0;0;0;0;0;1;0;0;0;1;1;1;0;0;1;0;1;0;0;0;0;1;0;1;0;crossover;7
0,179008;0;1;0;1;0;0;0;1;0;1;0;0;0;0;0;0;0;0;0;0;1;1;0;1;0;0;0;0;0;0;0;0;1;1;0;0;crossover;7
0,163576;0;1;0;1;0;0;0;1;0;1;0;0;1;0;0;0;1;0;0;0;1;1;0;1;0;1;0;1;1;1;0;0;0;0;0;1;crossover;7
0,164401;0;1;1;0;1;0;0;1;0;1;0;0;0;0;0;0;0;0;0;1;1;0;0;1;0;1;0;1;0;1;0;0;1;0;0;1;crossover;7
0,178879;0;1;0;0;1;0;0;1;0;1;0;0;0;0;0;0;1;0;0;0;1;1;1;0;0;1;0;1;0;0;0;0;1;0;0;0;crossover;7
0,204888;0;1;1;0;1;0;0;1;0;0;0;0;0;0;0;0;0;0;0;1;1;0;0;1;0;0;0;0;0;0;0;0;1;1;0;0;crossover;8
0,177209;0;1;1;0;0;1;0;0;0;0;0;0;0;0;0;0;0;0;0;0;1;1;0;1;0;0;0;0;0;1;0;0;1;0;0;1;crossover;8
-0,543255;0;1;1;0;0;1;0;1;0;1;0;0;0;0;0;0;0;1;0;0;0;0;0;0;1;1;0;0;0;0;1;1;0;0;0;0;crossover;8
-1,217579;1;1;0;0;0;0;0;1;1;1;0;1;0;0;0;0;0;0;0;0;0;0;1;1;0;0;0;0;0;1;0;0;1;0;0;1;crossover;8
-0,559701;0;1;1;0;0;1;0;1;0;1;0;0;0;0;0;0;0;1;0;0;0;1;1;0;1;1;0;1;0;0;0;0;1;0;1;0;crossover;8
0,192174;0;1;1;0;1;0;0;1;0;1;0;0;0;0;0;0;0;0;0;0;1;0;0;1;0;0;0;0;0;1;0;0;1;0;0;1;crossover;8
0,170711;0;1;1;0;0;1;0;0;0;0;0;0;0;0;0;0;0;0;0;1;1;0;0;1;0;0;0;0;0;0;0;0;1;1;0;0;crossover;8
0,162899;0;1;0;1;0;0;0;0;0;0;0;0;0;0;0;0;0;0;0;0;1;1;0;0;0;0;0;0;0;0;0;0;1;1;0;0;crossover;8
-0,494366;0;1;1;0;1;0;0;1;0;0;0;0;0;0;0;0;0;0;0;1;1;0;0;1;0;0;0;0;0;1;0;0;1;1;0;0;crossover;8
0,165568;0;1;0;1;0;0;0;0;0;0;0;0;0;0;0;0;0;0;0;1;1;0;0;0;0;0;0;0;0;0;0;0;1;0;0;1;crossover;8
0,209184;0;1;1;0;1;0;0;1;0;0;0;0;0;0;0;0;0;0;0;1;1;0;0;0;0;0;0;0;0;0;0;0;1;1;0;0;crossover;8
0,171513;0;1;1;0;1;0;0;1;0;1;0;0;0;0;0;0;0;0;0;1;1;0;0;1;0;1;0;1;0;0;0;1;0;0;0;0;crossover;8
0,211245;0;1;0;1;0;0;0;0;0;1;0;0;0;0;0;0;0;0;0;1;1;0;0;0;0;0;0;0;0;0;0;0;1;1;0;0;crossover;8
0,190903;0;1;0;1;0;0;0;0;0;0;0;0;0;0;0;0;0;0;0;1;1;0;0;1;0;0;0;0;0;1;0;0;1;0;0;1;crossover;8
0,198141;0;1;0;1;0;0;0;1;0;1;0;0;0;0;0;0;0;0;0;1;1;0;0;0;0;0;0;0;0;0;0;0;1;1;0;0;crossover;9
0,114289;0;1;0;1;0;0;0;0;0;0;0;0;0;0;0;0;0;0;0;0;1;1;0;1;0;0;0;0;0;0;0;0;1;1;0;0;crossover;9
0,200084;0;1;1;0;1;0;0;1;0;0;0;0;0;0;0;0;0;0;0;1;1;0;0;1;0;0;0;0;0;1;0;0;1;0;0;0;crossover;9
-0,550821;0;1;0;1;0;0;0;0;0;0;0;0;0;0;0;0;0;0;0;1;1;0;0;0;0;0;0;0;0;0;0;0;1;1;0;1;crossover;9
-0,506379;0;1;1;0;1;0;0;1;0;1;0;0;1;0;0;0;1;0;0;0;1;1;0;1;0;0;0;0;0;1;0;0;1;0;0;1;crossover;9
-0,536407;0;1;1;0;1;0;0;1;0;0;0;0;0;0;0;0;0;0;0;1;1;0;0;1;0;1;0;1;1;1;0;0;0;0;0;1;crossover;9
0,171798;0;1;1;0;1;0;0;1;0;1;0;0;0;0;0;0;1;0;0;0;1;1;1;0;0;1;0;1;0;0;0;0;1;0;1;0;crossover;9
-0,557777;1;1;0;0;0;0;0;1;1;1;0;1;0;0;0;0;0;0;0;0;0;0;0;0;0;0;0;0;0;0;0;0;1;1;0;0;crossover;9
-0,519421;0;1;0;1;0;0;0;0;0;0;0;0;0;0;0;0;0;0;0;1;1;0;1;0;1;1;0;0;0;0;1;1;0;0;0;0;crossover;9
0,163982;0;1;1;0;1;0;0;1;0;1;0;0;0;0;0;0;0;0;0;0;1;1;1;0;0;0;0;1;1;0;1;1;0;0;0;1;crossover;9
0,167626;0;1;1;0;1;0;0;1;0;1;0;0;0;0;0;0;0;0;0;0;1;1;1;0;0;1;0;1;0;0;0;0;1;1;0;0;crossover;10
0,200285;0;1;1;0;1;0;0;1;0;1;0;0;0;0;0;0;0;0;0;1;1;0;0;0;0;0;0;0;0;0;0;0;1;0;0;0;crossover;10
0,175162;0;1;0;1;0;0;0;0;0;1;0;0;0;0;0;0;0;0;0;1;1;0;0;1;0;0;0;1;0;0;0;0;1;1;0;0;crossover;10
0,200430;0;1;1;0;1;0;0;0;0;1;0;0;0;0;0;0;0;0;0;1;1;0;0;0;0;0;0;0;0;0;0;0;1;1;0;0;crossover;10
0,220255;0;1;0;1;0;0;0;1;0;0;0;0;0;0;0;0;0;0;0;1;1;0;0;0;0;0;0;0;0;0;0;0;1;1;0;0;crossover;10
-0,464663;0;1;0;1;1;0;0;1;0;0;0;0;0;0;0;0;0;0;0;1;1;0;0;0;0;0;0;0;0;0;0;0;1;1;0;0;crossover;10
0,163187;0;1;1;0;1;0;0;1;0;1;0;0;0;0;0;0;0;0;0;0;1;1;1;0;1;1;0;1;0;0;0;0;1;0;0;0;crossover;10
0,173766;0;1;1;0;1;0;0;1;0;1;0;0;0;0;0;0;0;0;0;0;1;1;1;0;0;1;0;1;0;0;0;0;1;0;1;0;crossover;10
0,160459;0;1;1;0;1;0;0;1;0;1;0;0;0;0;0;0;0;1;0;0;0;0;0;1;0;0;0;1;0;0;0;0;1;0;1;0;crossover;10
0,239626;0;1;0;0;1;0;0;1;0;1;0;0;0;0;0;0;0;0;0;0;1;1;1;0;1;1;0;0;0;1;0;0;1;0;0;1;crossover;10
0,191231;0;1;1;0;1;0;0;1;0;1;0;0;0;0;0;0;0;1;0;0;0;0;0;1;0;0;0;0;0;1;0;0;1;0;0;0;crossover;10
-0,497107;0;1;1;0;1;0;0;1;0;0;0;0;0;0;0;0;0;0;0;1;1;0;0;0;0;0;0;0;0;0;0;0;1;1;0;1;crossover;10
0,181784;0;1;0;1;0;0;0;1;0;0;0;0;0;0;0;0;0;0;0;0;1;1;1;0;1;1;0;1;0;0;0;0;1;0;1;0;crossover;11
0,192207;0;1;0;1;0;0;0;1;0;1;0;0;0;0;0;0;0;0;0;1;1;0;0;1;0;0;0;0;0;1;0;0;1;0;0;0;crossover;11
-0,514056;0;1;1;0;1;0;0;1;0;1;0;0;0;0;0;0;0;1;0;0;0;0;0;0;0;0;0;0;0;0;0;0;1;1;0;0;crossover;11
0,216251;0;1;0;1;0;0;0;1;0;0;0;0;0;0;0;0;0;0;0;1;1;0;0;0;0;0;0;0;0;0;0;0;1;0;0;0;crossover;11
0,216014;0;1;0;1;0;0;0;0;0;0;0;0;0;0;0;0;0;0;0;1;1;0;0;0;0;0;0;0;0;1;0;0;1;0;0;1;crossover;11
-0,522428;0;1;1;0;1;0;0;1;0;1;0;0;0;0;0;0;0;1;0;0;0;0;0;1;0;0;0;0;0;0;0;0;1;1;0;0;crossover;11
0,173743;0;1;0;1;0;0;0;0;0;0;0;0;0;0;0;0;0;0;0;1;1;0;0;1;0;1;0;1;0;0;0;0;1;1;0;0;crossover;11
0,100039;0;1;0;1;0;0;0;0;0;0;0;0;0;0;0;0;0;0;0;1;1;0;0;1;0;0;0;1;0;0;0;1;0;0;0;0;crossover;11
0,223659;0;1;1;0;1;0;0;1;0;0;0;0;0;0;0;0;0;0;0;1;1;0;0;0;0;0;0;0;0;0;0;0;1;0;0;0;crossover;11
0,146455;0;1;1;0;1;0;0;0;0;1;0;0;0;0;0;0;0;0;0;0;1;0;0;1;0;0;0;0;0;1;0;0;1;0;0;1;crossover;12
-0,474648;0;1;0;1;1;0;0;1;0;0;0;0;0;0;0;0;0;0;0;1;1;0;0;1;0;0;0;0;0;1;0;0;1;0;0;0;crossover;12
-1,866109;0;1;1;0;0;0;0;1;0;0;0;1;0;0;0;0;1;0;0;0;1;1;1;0;1;1;1;1;1;0;0;0;1;0;1;0;mutation;12
-0,746600;0;0;0;1;1;0;0;0;0;1;0;0;0;0;0;0;0;0;0;0;0;0;0;1;0;1;0;0;0;1;0;0;1;0;0;0;mutation;12
0,180084;0;1;0;1;0;0;0;1;0;1;0;0;0;0;0;0;0;0;0;1;1;0;0;1;0;0;0;1;0;0;0;0;1;1;0;0;crossover;12
-0,533637;0;1;1;0;1;0;0;1;0;1;0;0;0;0;0;0;0;1;0;0;0;0;1;0;1;1;0;0;0;0;1;1;0;0;0;0;crossover;12
-0,529614;0;1;0;1;0;0;0;1;0;1;0;1;0;0;0;0;0;0;0;0;0;0;0;1;0;0;0;0;0;1;0;0;1;0;0;0;crossover;12
0,188201;0;1;0;1;0;0;0;1;0;0;0;0;0;0;0;0;0;0;0;0;1;1;1;0;1;1;0;1;0;0;0;0;1;0;0;1;crossover;12
-0,500273;0;1;1;0;1;0;0;1;0;1;0;0;0;0;0;0;0;0;0;0;1;0;0;1;0;0;0;0;0;1;0;0;1;0;1;0;crossover;12
0,239331;0;1;0;0;1;0;0;1;0;0;0;0;0;0;0;0;0;0;0;1;1;0;0;0;0;0;0;0;0;0;0;0;1;0;0;0;crossover;12
0,166872;0;1;0;1;0;0;0;1;0;1;0;0;0;0;0;0;0;0;0;0;1;1;1;0;1;1;0;0;0;1;0;0;1;0;0;1;crossover;12
0,099090;0;1;0;1;0;0;0;0;0;0;0;0;0;0;0;0;0;0;0;0;0;0;1;0;1;1;0;0;0;0;1;1;0;0;0;0;crossover;13
0,205186;0;1;0;1;0;0;0;1;0;0;0;0;0;0;0;0;0;0;0;1;1;0;0;0;0;0;0;0;0;1;0;0;1;0;0;1;crossover;13
0,236266;0;1;0;0;1;0;0;1;0;1;0;0;0;0;0;0;0;0;0;0;1;1;1;0;1;1;0;1;0;0;0;0;1;1;0;0;crossover;13
0,221870;0;1;0;1;0;0;0;1;0;0;0;0;0;0;0;0;0;0;0;1;1;0;0;0;0;0;0;0;0;0;0;0;1;0;1;0;crossover;13
0,097996;0;1;0;1;0;0;0;0;0;0;0;0;0;0;0;0;0;0;0;1;1;0;0;0;0;0;0;0;0;0;0;0;1;0;0;0;crossover;13
0,240026;0;1;0;0;1;0;0;1;0;1;0;0;0;0;0;0;0;0;0;0;1;1;1;0;1;1;0;1;0;0;0;0;1;0;0;1;crossover;14
-0,453585;0;1;0;0;1;0;0;1;0;1;0;0;0;0;0;0;0;0;0;0;1;1;1;0;1;1;0;0;0;1;0;0;1;1;0;0;crossover;14
0,181410;0;1;0;1;0;0;0;0;0;1;0;0;0;0;0;0;0;0;0;0;1;0;0;1;0;0;0;0;0;1;0;0;1;0;0;1;crossover;14
0,224765;0;1;0;0;1;0;0;1;0;1;0;0;0;0;0;0;0;0;0;1;1;0;0;0;0;0;0;0;0;0;0;0;1;0;0;0;crossover;14
0,176609;0;1;1;0;1;0;0;1;0;0;0;0;0;0;0;0;0;0;0;0;1;1;1;0;1;1;0;0;0;1;0;0;1;0;0;1;crossover;14
0,197496;0;1;1;0;1;0;0;1;0;0;0;0;0;0;0;0;0;0;0;1;1;0;0;0;0;0;0;0;0;1;0;0;1;0;0;1;crossover;15
0,212450;0;1;0;1;0;0;0;1;0;0;0;0;0;0;0;0;0;0;0;1;1;0;0;0;0;0;0;0;0;1;0;0;1;0;0;0;crossover;15
0,213532;0;1;0;0;1;0;0;1;0;1;0;0;0;0;0;0;0;0;0;1;1;0;0;0;0;0;0;0;0;0;0;0;1;0;0;1;crossover;15
0,160180;0;1;1;0;1;0;0;1;0;1;0;0;0;0;0;0;0;0;0;0;1;1;1;0;1;1;0;1;0;0;0;0;1;0;0;1;crossover;16
0,208999;0;1;1;0;1;0;0;1;0;0;0;0;0;0;0;0;0;0;0;1;1;0;0;0;0;0;0;0;0;0;0;0;1;0;0;1;crossover;16
0,163105;0;1;1;0;1;0;0;0;0;1;0;0;0;0;0;0;0;0;0;1;1;0;0;0;0;0;0;0;0;0;0;0;1;0;0;0;crossover;16
0,182719;0;1;0;0;1;0;0;1;0;1;0;0;0;0;0;0;0;0;0;0;1;1;1;0;1;1;0;0;0;1;0;0;1;0;0;0;crossover;16
0,193938;0;1;1;0;1;0;0;0;0;1;0;0;0;0;0;0;0;0;0;1;1;0;0;0;0;0;0;0;0;1;0;0;1;0;0;1;crossover;16
0,107653;0;1;1;0;0;0;0;1;0;0;0;0;0;0;0;0;0;0;0;1;1;0;0;0;0;0;0;0;0;0;0;0;1;0;0;0;crossover;17
-0,540217;0;1;0;1;1;0;0;0;0;1;0;0;0;0;0;0;0;0;0;1;1;0;0;0;0;0;0;0;0;0;0;0;1;1;0;0;crossover;17
0,167937;0;1;1;0;1;0;0;1;0;1;0;0;0;0;0;0;0;0;0;0;1;1;1;0;1;1;0;1;0;0;0;0;1;1;0;0;crossover;17
0,223182;0;1;0;0;1;0;0;1;0;0;0;0;0;0;0;0;0;0;0;1;1;0;0;0;0;0;0;0;0;0;0;0;1;1;0;0;crossover;17
0,081353;0;1;1;0;0;0;0;1;0;0;0;0;0;0;0;0;0;0;0;1;1;0;0;0;0;0;0;0;0;0;0;0;1;1;0;0;crossover;17
0,182126;0;1;0;1;0;0;0;0;0;1;0;0;0;0;0;0;0;0;0;1;1;0;0;0;0;0;0;0;0;1;0;0;1;0;0;1;crossover;17
0,180242;0;1;0;1;0;0;0;1;0;0;0;0;0;0;0;0;0;0;0;0;1;1;1;0;1;1;0;0;0;1;0;0;1;0;0;1;crossover;18
0,197244;0;1;0;0;1;0;0;1;0;1;0;0;0;0;0;0;0;0;0;1;1;0;0;0;0;0;0;0;0;1;0;0;1;0;0;1;crossover;18
0,210142;0;1;0;1;0;0;0;1;0;0;0;0;0;0;0;0;0;0;0;1;1;0;0;0;0;0;0;1;0;0;0;0;1;1;0;0;crossover;18
0,191220;0;1;0;0;1;0;0;1;0;1;0;0;0;0;0;0;0;0;0;0;1;1;1;0;1;1;0;0;0;0;0;0;1;1;0;0;crossover;18
0,210516;0;1;1;0;1;0;0;1;0;0;0;0;0;0;0;0;0;0;0;1;1;0;0;0;0;0;0;0;0;0;0;0;1;0;1;0;crossover;18
0,216689;0;1;0;0;1;0;0;1;0;1;0;0;0;0;0;0;0;0;0;1;1;0;0;0;0;0;0;0;0;0;0;0;1;1;0;0;crossover;18
0,220409;0;1;0;1;0;0;0;1;0;0;0;0;0;0;0;0;0;0;0;1;1;0;0;1;0;0;0;0;0;0;0;0;1;1;0;0;crossover;18
0,211058;0;1;1;0;1;0;0;1;0;0;0;0;0;0;0;0;0;0;0;1;1;0;0;0;0;0;0;0;0;1;0;0;1;0;0;0;crossover;18
0,205019;0;1;0;0;1;0;0;1;0;1;0;0;0;0;0;0;0;0;0;1;1;0;0;0;0;0;0;0;0;0;0;0;1;0;1;0;crossover;18
0,178489;0;1;1;0;1;0;0;0;0;1;0;0;0;0;0;0;0;0;0;1;1;0;0;0;0;0;0;0;0;0;0;0;1;0;0;1;crossover;18
0,200356;0;1;0;1;0;0;0;1;0;0;0;0;0;0;0;0;0;0;0;1;1;0;0;0;0;0;0;0;0;0;0;0;1;0;0;1;crossover;19
0,205937;0;1;0;1;0;0;0;1;0;0;0;0;0;0;0;0;0;0;0;1;1;0;0;1;0;0;0;0;0;0;0;0;1;0;0;0;crossover;19
0,175357;0;1;0;1;0;0;0;1;0;1;0;0;0;0;0;0;0;0;0;0;1;1;1;0;1;1;0;1;0;0;0;0;1;1;0;0;crossover;19
-0,491033;0;1;1;0;1;0;0;1;0;0;0;0;0;0;0;0;0;0;0;1;1;0;0;0;0;0;0;0;0;1;0;0;1;0;1;0;crossover;19
0,239039;0;1;0;0;1;0;0;1;0;0;0;0;0;0;0;0;0;0;0;1;1;0;0;0;0;0;0;0;0;1;0;0;1;0;0;0;crossover;20
0,188146;0;1;0;0;1;0;0;1;0;0;0;0;0;0;0;0;0;0;0;0;1;1;1;0;1;1;0;0;0;1;0;0;1;0;0;1;crossover;20
0,218254;0;1;0;0;1;0;0;1;0;1;0;0;0;0;0;0;0;0;0;0;1;0;0;0;0;0;0;0;0;0;0;0;1;1;0;0;crossover;21
-0,538234;0;1;0;1;0;0;0;1;0;0;0;0;0;0;0;0;0;0;0;1;1;1;1;0;1;1;0;1;0;0;0;0;1;1;0;0;crossover;21
0,213549;0;1;0;0;1;0;0;1;0;1;0;0;0;0;0;0;0;0;0;1;1;0;0;0;0;0;0;0;0;1;0;0;1;0;0;0;crossover;21
0,185439;0;1;0;0;1;0;0;1;0;0;0;0;0;0;0;0;0;0;0;0;1;1;1;0;1;1;0;1;0;0;0;0;1;0;0;1;crossover;21
-1,283790;0;0;0;0;1;0;0;1;0;0;0;0;0;0;0;0;0;0;1;1;1;0;0;0;0;0;1;1;0;0;0;0;1;1;0;0;mutation;21
-1,215886;0;1;0;1;0;0;0;1;0;1;0;0;1;0;0;0;0;0;1;1;1;0;0;0;0;0;0;0;0;1;0;0;1;1;0;0;mutation;21
0,246896;0;1;0;0;1;0;0;1;0;1;0;0;0;0;0;0;0;0;0;0;1;0;0;0;0;0;0;0;0;0;0;0;1;0;0;0;crossover;21
-0,529665;0;1;1;0;1;0;0;1;0;0;0;0;0;0;0;0;0;0;0;1;1;1;1;0;1;1;0;1;0;0;0;0;1;0;0;1;crossover;21
0,221125;0;1;0;0;1;0;0;1;0;1;0;0;0;0;0;0;0;0;0;0;1;1;1;0;0;0;0;0;0;1;0;0;1;0;0;0;crossover;22
0,168364;0;1;1;0;1;0;0;1;0;0;0;0;0;0;0;0;0;0;0;0;1;1;1;0;1;1;0;1;0;0;0;0;1;0;0;1;crossover;22
0,203295;0;1;0;0;1;0;0;1;0;1;0;0;0;0;0;0;0;0;0;0;1;0;0;0;0;0;0;1;0;0;0;0;1;1;0;0;crossover;22
0,193500;0;1;1;0;1;0;0;1;0;0;0;0;0;0;0;0;0;0;0;1;1;0;0;0;0;0;0;1;0;0;0;0;1;1;0;0;crossover;23
0,206568;0;1;0;1;0;0;0;1;0;0;0;0;0;0;0;0;0;0;0;0;1;0;0;0;0;0;0;0;0;0;0;0;1;0;0;0;crossover;23
0,182479;0;1;0;0;1;0;0;1;0;1;0;0;0;0;0;0;0;0;0;0;1;1;1;0;1;1;0;1;0;0;0;0;1;0;0;0;crossover;24
0,223719;0;1;0;0;1;0;0;1;0;0;0;0;0;0;0;0;0;0;0;0;1;1;1;0;0;0;0;0;0;1;0;0;1;0;0;0;crossover;24
0,193473;0;1;0;0;1;0;0;1;0;1;0;0;0;0;0;0;0;0;0;1;1;0;0;0;0;0;0;1;0;0;0;0;1;1;0;0;crossover;24
0,211184;0;1;0;0;1;0;0;1;0;0;0;0;0;0;0;0;0;0;0;1;1;0;0;0;0;0;0;0;0;1;0;0;1;0;0;1;crossover;25
0,135971;0;1;0;1;0;0;0;0;0;1;0;0;0;0;0;0;0;0;0;0;1;0;0;0;0;0;0;0;0;0;0;0;1;0;0;0;crossover;25
-0,501347;0;1;0;1;0;0;0;0;0;1;0;0;0;0;0;0;0;0;0;1;1;0;0;0;0;0;0;0;0;0;0;0;1;1;0;1;crossover;25
0,216372;0;1;0;0;1;0;0;1;0;1;0;0;0;0;0;0;0;0;0;1;1;0;0;1;0;0;0;0;0;0;0;0;1;1;0;0;crossover;25
0,270835;0;1;0;0;1;0;0;1;0;0;0;0;0;0;0;0;0;0;0;0;1;0;0;0;0;0;0;0;0;0;0;0;1;0;0;0;crossover;25
0,165284;0;1;0;1;0;0;0;0;0;1;0;0;0;0;0;0;0;0;0;0;1;1;1;0;1;1;0;1;0;0;0;0;1;0;0;1;crossover;26
0,224477;0;1;1;0;1;0;0;1;0;1;0;0;0;0;0;0;0;0;0;0;1;0;0;0;0;0;0;0;0;0;0;0;1;0;0;0;crossover;26
0,196032;0;1;1;0;1;0;0;1;0;0;0;0;0;0;0;0;0;0;0;0;1;0;0;0;0;0;0;0;0;0;0;0;1;0;0;0;crossover;27
-0,872099;0;1;0;0;1;0;0;1;1;0;0;1;0;0;0;1;0;0;0;1;1;1;0;0;0;0;0;0;0;0;0;0;1;0;0;0;mutation;27
0,003450;0;1;0;0;0;0;0;0;0;1;0;0;0;0;0;0;0;0;0;1;1;1;0;0;0;0;0;0;0;0;0;0;1;0;0;0;mutation;27
0,194332;0;1;0;1;0;0;0;0;0;1;0;0;0;0;0;0;0;0;0;1;1;0;0;0;0;0;0;0;0;1;0;0;1;0;0;0;crossover;27
0,109196;0;1;0;1;0;0;0;0;0;0;0;0;0;0;0;0;0;0;0;1;1;0;0;0;0;0;0;0;0;1;0;0;1;0;0;0;crossover;27
0,243906;0;1;0;0;1;0;0;1;0;0;0;0;0;0;0;0;0;0;0;1;1;0;0;0;0;0;0;0;0;0;0;0;1;0;0;1;crossover;27
0,230196;0;1;0;0;1;0;0;1;0;1;0;0;0;0;0;0;0;0;0;0;1;1;1;0;0;0;0;0;0;0;0;0;1;0;0;0;crossover;28
0,255589;0;1;0;0;1;0;0;1;0;1;0;0;0;0;0;0;0;0;0;0;1;0;0;0;1;1;0;0;0;1;0;0;1;0;0;1;crossover;28
0,220427;0;1;0;1;0;0;0;0;0;1;0;0;0;0;0;0;0;0;0;1;1;0;0;0;0;0;0;0;0;0;0;0;1;0;0;0;crossover;28
0,201982;0;1;0;0;1;0;0;1;0;1;0;0;0;0;0;0;0;0;0;0;1;0;0;0;1;1;0;0;0;1;0;0;1;0;0;0;crossover;29
0,264160;0;1;0;0;1;0;0;1;0;0;0;0;0;0;0;0;0;0;0;0;1;0;0;0;0;0;0;0;0;0;0;0;1;0;0;1;crossover;29
0,250688;0;1;0;0;1;0;0;1;0;0;0;0;0;0;0;0;0;0;0;0;1;0;0;0;0;0;0;0;0;1;0;0;1;0;0;1;crossover;29
0,191354;0;1;0;0;1;0;0;1;0;1;0;0;0;0;0;0;0;0;0;0;1;1;1;0;1;1;0;0;0;0;0;0;1;0;0;0;crossover;29
0,201239;0;1;0;0;1;0;0;1;0;0;0;0;0;0;0;0;0;0;0;0;1;0;0;0;1;1;0;0;0;1;0;0;1;0;0;1;crossover;29
0,225491;0;1;0;0;1;0;0;1;0;1;0;0;0;0;0;0;0;0;0;0;1;0;0;0;0;0;0;0;0;0;0;0;1;0;0;1;crossover;29
0,008837;0;0;0;0;1;0;0;1;0;0;0;0;0;0;0;0;0;0;0;0;0;0;0;0;0;0;0;0;0;0;0;0;1;0;0;1;mutation;30
-1,422429;0;1;0;0;1;1;0;1;1;1;0;0;0;0;0;0;0;0;0;0;1;0;0;0;0;0;1;0;0;0;0;0;1;0;0;1;mutation;30
-0,513404;0;1;0;0;1;0;0;1;0;0;0;0;0;0;0;0;0;0;0;1;1;0;0;0;1;1;0;0;0;1;0;0;1;0;0;1;crossover;31
-0,510428;0;1;0;0;1;0;0;1;0;0;0;0;0;0;0;0;0;0;0;1;1;0;0;0;1;1;0;1;0;0;0;0;1;1;0;0;crossover;32
0,243183;0;1;0;0;1;0;0;1;0;0;0;0;0;0;0;0;0;0;0;0;1;0;0;0;0;1;0;0;0;1;0;0;1;0;0;1;crossover;32
0,214887;0;1;0;0;1;0;0;1;0;1;0;0;0;0;0;0;0;0;0;0;1;0;0;0;1;0;0;0;0;1;0;0;1;0;0;1;crossover;32
0,263701;0;1;0;0;1;0;0;1;0;0;0;0;0;0;0;0;0;0;0;0;1;1;1;0;0;0;0;0;0;0;0;0;1;0;0;0;crossover;34
0,188671;0;1;0;0;1;0;0;1;0;0;0;0;0;0;0;0;0;0;0;0;1;1;1;0;1;1;0;1;0;0;0;0;1;1;0;0;crossover;34
0,238776;0;1;0;0;1;0;0;1;0;0;0;0;0;0;0;0;0;0;0;0;1;0;1;0;0;0;0;0;0;1;0;0;1;0;0;0;crossover;35
0,265451;0;1;0;0;1;0;0;1;0;0;0;0;0;0;0;0;0;0;0;0;1;1;0;0;0;0;0;0;0;0;0;0;1;0;0;0;crossover;35
0,237436;0;1;0;0;1;0;0;1;0;1;0;0;0;0;0;0;0;0;0;0;1;0;0;0;0;0;0;0;0;0;0;0;1;0;1;0;crossover;35
-1,567947;0;1;0;0;1;0;0;1;0;1;0;0;0;0;0;1;0;0;0;0;1;1;0;0;1;1;0;0;0;0;0;0;1;1;1;1;diversification;36
0,082831;0;0;0;0;0;0;1;1;0;0;0;0;0;0;0;0;0;0;0;0;1;1;0;0;0;0;0;0;1;0;0;0;1;0;0;0;diversification;36
-0,682691;0;0;0;0;1;0;0;1;1;0;0;0;0;0;0;0;0;0;0;0;0;0;0;0;0;0;0;0;0;1;0;0;1;0;0;0;diversification;36
0,076961;0;1;0;0;0;0;0;1;0;0;0;0;0;0;0;0;0;0;0;0;0;0;0;0;1;0;0;0;0;0;0;0;1;0;0;1;diversification;36
-4,825852;0;0;0;0;0;0;0;0;0;0;0;0;0;0;0;0;0;0;0;0;0;0;0;0;0;0;0;0;0;0;0;0;1;0;0;1;diversification;36
-1,019674;0;1;0;0;0;0;0;1;0;0;0;0;0;0;1;0;0;0;0;1;1;1;1;0;0;0;0;0;0;1;1;0;0;0;0;0;diversification;36
-1,356240;1;0;0;0;1;0;0;1;1;1;1;0;0;0;0;0;0;0;0;0;1;0;0;0;0;0;0;0;0;0;0;0;1;0;0;0;diversification;36
-0,903481;0;1;0;0;1;0;0;1;0;0;1;0;0;0;0;0;0;0;0;0;0;1;1;0;1;1;0;0;0;0;0;0;1;1;0;1;diversification;36
-1,183626;0;1;0;1;1;0;0;1;0;0;0;0;0;0;0;0;0;1;0;1;1;0;1;0;0;0;1;1;0;0;0;0;1;0;0;0;diversification;36
-0,485852;0;1;0;0;1;1;0;1;0;1;0;0;0;0;0;0;0;0;0;0;1;1;0;0;0;1;0;0;0;0;0;0;1;0;0;1;diversification;36
-0,521783;0;1;0;0;1;0;0;1;0;1;0;0;0;0;0;0;0;0;0;0;1;1;0;0;1;1;0;0;0;0;1;0;0;0;1;0;diversification;36
-0,634119;0;0;0;0;1;0;0;1;1;0;0;0;0;0;0;0;0;0;0;0;1;0;0;0;0;0;0;0;0;0;0;0;1;0;0;0;diversification;36
-0,649631;0;1;0;0;0;0;0;1;0;0;0;0;0;0;1;0;0;0;0;1;0;0;1;0;0;0;0;0;0;1;0;0;1;0;0;0;diversification;36
-0,690810;0;1;0;0;0;0;0;1;0;0;0;0;0;0;0;0;0;0;0;0;1;0;0;1;0;0;0;0;0;0;0;0;0;1;1;0;diversification;36
-0,489100;0;1;0;0;1;0;0;1;0;1;0;0;0;0;0;0;0;0;0;1;1;0;0;0;0;0;0;0;1;0;0;0;1;0;0;0;crossover;37
-0,015961;0;0;0;0;0;0;1;1;0;0;0;0;0;0;0;0;0;0;0;0;1;1;0;0;0;0;0;0;0;0;0;0;1;0;0;1;crossover;37
0,248869;0;1;0;0;1;0;0;1;0;0;0;0;0;0;0;0;0;0;0;0;0;0;0;0;1;0;0;0;0;0;0;0;1;0;0;1;crossover;37
-0,008681;0;1;0;0;0;0;0;1;0;0;0;0;0;0;0;0;0;0;0;0;1;0;0;0;0;0;0;0;0;0;0;0;1;0;0;0;crossover;37
-0,043804;0;0;0;0;0;0;1;1;0;0;0;0;0;0;0;0;0;0;0;0;1;0;0;0;0;0;0;0;0;1;0;0;1;0;0;1;crossover;37
0,226334;0;1;0;0;1;0;0;1;0;0;0;0;0;0;0;0;0;0;0;0;1;1;0;0;0;0;0;0;1;0;0;0;1;0;0;0;crossover;37
0,094084;0;1;0;0;0;0;0;1;0;0;0;0;0;0;0;0;0;0;0;0;0;0;0;0;1;1;0;0;0;1;0;0;1;0;0;1;crossover;37
0,192741;0;1;0;0;1;0;0;1;0;1;0;0;0;0;0;0;0;0;0;0;1;1;1;0;1;0;0;0;0;0;0;0;1;0;0;1;crossover;37
0,191443;0;1;0;0;1;0;0;1;0;1;0;0;0;0;0;0;0;0;0;0;1;1;1;0;1;1;0;0;0;0;0;0;1;0;0;1;crossover;38
0,227724;0;1;0;0;1;0;0;1;0;1;0;0;0;0;0;0;0;0;0;0;1;0;0;0;0;0;0;0;0;1;0;0;1;0;0;1;crossover;38
0,172872;0;1;1;0;1;0;0;1;0;0;0;0;0;0;0;0;0;0;0;0;1;1;1;0;1;1;0;1;0;0;0;0;1;1;0;0;crossover;38
-0,467196;0;1;0;0;1;0;0;1;1;0;0;1;0;0;0;0;1;0;0;0;1;0;0;0;0;0;0;1;0;0;0;0;1;0;0;0;mutation;38
0,092520;0;1;0;0;1;0;0;0;0;1;0;0;0;0;0;0;0;0;0;0;0;0;0;1;0;0;0;0;0;0;0;0;0;0;0;0;mutation;38
0,273015;0;1;0;0;1;0;0;1;0;0;0;0;0;0;0;0;0;0;0;0;1;0;0;0;0;0;0;0;0;0;0;0;1;1;0;0;crossover;39
0,210115;0;1;1;0;1;0;0;1;0;1;0;0;0;0;0;0;0;0;0;0;1;0;0;0;0;0;0;0;0;0;0;0;1;0;0;1;crossover;39
0,265631;0;1;0;0;1;0;0;1;0;0;0;0;0;0;0;0;0;0;0;0;1;0;0;0;0;0;0;0;0;0;0;0;1;0;1;0;crossover;39
0,253783;0;1;0;0;1;0;0;1;0;0;0;0;0;0;0;0;0;0;0;0;1;1;0;0;0;0;0;0;0;0;0;0;1;0;1;0;crossover;40
0,209178;0;1;0;0;1;0;0;1;0;1;0;0;0;0;0;0;0;0;0;0;1;0;0;0;0;1;0;0;0;1;0;0;1;0;0;1;crossover;40
0,220117;0;1;0;0;1;0;0;1;0;0;0;0;0;0;0;0;0;0;0;0;1;0;0;0;0;0;0;0;1;0;0;0;1;0;0;0;crossover;40
-0,496834;0;1;0;0;1;0;0;1;0;1;0;0;0;0;0;0;0;0;0;0;1;0;0;0;1;1;0;0;0;1;0;0;1;0;1;0;crossover;40
0,251199;0;1;0;0;1;0;0;1;0;0;0;0;0;0;0;0;0;0;0;0;1;1;0;0;0;0;0;0;0;0;0;0;1;0;0;1;crossover;42
0,239540;0;1;0;0;1;0;0;1;0;0;0;0;0;0;0;0;0;0;0;0;1;1;1;0;0;0;0;0;0;0;0;0;1;0;1;0;crossover;42
0,211980;0;1;0;0;1;0;0;1;0;0;0;0;0;0;0;0;0;0;0;0;1;1;1;0;0;1;0;1;0;0;0;0;1;0;0;1;crossover;43
0,205591;0;1;0;0;1;0;0;1;0;1;0;0;0;0;0;0;0;0;0;0;1;1;1;0;1;0;0;0;0;0;0;0;1;0;0;0;crossover;43
-1,259211;0;1;1;0;1;0;1;1;0;0;1;0;0;0;0;0;0;0;0;0;1;0;0;0;0;0;0;0;0;1;1;0;1;0;0;1;mutation;43
-0,045313;0;1;0;0;0;0;0;1;0;0;0;0;0;0;0;0;0;0;0;0;0;0;0;0;0;1;0;0;0;0;0;0;0;1;0;0;mutation;43
0,222205;0;1;0;0;1;0;0;1;0;0;0;0;0;0;0;0;0;0;0;0;1;1;0;0;0;0;0;0;1;0;0;0;1;0;0;1;crossover;43
0,241498;0;1;0;0;1;0;0;1;0;0;0;0;0;0;0;0;0;0;0;1;1;0;0;0;0;0;0;0;0;0;0;0;1;0;1;0;crossover;45
-1,427085;0;1;1;0;1;0;0;1;0;0;0;1;0;0;0;0;0;0;1;0;0;0;0;0;1;0;0;0;0;0;1;0;1;0;0;1;mutation;45
0,203118;0;1;0;0;1;0;0;1;0;0;0;0;0;0;0;0;0;0;0;0;0;0;1;0;1;0;0;1;0;0;0;0;1;0;0;1;mutation;45
0,235432;0;1;0;0;1;0;0;1;0;0;0;0;0;0;0;0;0;0;0;0;1;1;0;0;0;0;0;0;0;0;0;0;1;1;0;0;crossover;45
0,247594;0;1;0;0;1;0;0;1;0;1;0;0;0;0;0;0;0;0;0;0;1;1;0;0;0;0;0;0;0;0;0;0;1;0;0;0;crossover;47
0,210986;0;1;0;0;1;0;0;1;0;1;0;0;0;0;0;0;0;0;0;0;1;1;0;0;0;0;0;0;0;0;0;0;1;0;1;0;crossover;48
-0,471850;0;1;0;0;1;0;0;1;0;0;1;0;0;0;1;0;0;0;0;0;0;0;0;0;1;0;0;0;0;0;0;0;0;0;0;0;diversification;50
-0,162651;0;0;0;0;0;0;0;1;0;0;0;0;0;0;0;0;1;0;0;0;1;1;1;0;0;0;0;0;0;0;0;0;0;0;0;0;diversification;50
0,198316;0;1;1;0;1;0;0;0;0;0;0;0;0;0;0;0;0;0;1;0;1;0;0;0;0;1;0;0;0;0;1;0;1;0;0;0;diversification;50
-0,692020;1;0;0;0;0;0;0;1;0;0;0;0;1;0;0;0;0;0;0;0;1;1;0;0;0;0;0;0;0;0;0;0;1;1;0;0;diversification;50
-1,422832;0;1;1;0;1;0;0;1;0;0;0;0;0;0;0;0;0;0;1;0;1;0;1;0;0;0;0;0;0;1;0;0;0;1;0;1;diversification;50
-1,742773;0;1;0;0;1;0;0;1;0;0;0;1;0;0;0;0;0;0;1;0;0;1;1;0;0;0;0;0;0;0;0;0;0;0;1;1;diversification;50
-0,501026;0;1;0;1;1;0;0;1;0;1;0;0;0;0;0;0;0;0;0;0;1;1;1;0;1;0;0;1;0;0;0;0;1;0;0;1;diversification;50
0,154740;0;0;0;0;1;0;0;1;0;0;0;0;0;0;0;0;0;0;0;0;1;0;0;0;1;0;0;0;0;0;0;0;1;0;0;0;diversification;50
-0,942057;0;1;0;1;1;0;0;0;0;0;0;0;0;0;0;1;0;0;0;0;0;0;0;0;0;0;1;0;0;0;0;0;1;0;0;0;diversification;50
0,207719;0;1;0;0;0;0;0;1;1;0;0;0;0;0;0;0;0;0;0;0;0;0;0;0;0;0;0;0;0;0;0;0;1;0;0;0;diversification;50
-0,916757;0;1;1;0;1;0;0;1;0;0;0;0;0;0;0;0;0;0;1;0;1;0;0;0;0;0;1;0;1;1;0;0;1;0;0;0;diversification;50
-1,165632;0;1;0;0;1;0;0;1;0;0;0;0;0;0;0;0;0;0;0;0;1;1;0;0;0;0;0;0;0;1;0;0;1;1;1;0;diversification;50
-1,593865;0;1;0;1;1;0;0;1;0;0;0;0;1;1;0;0;0;0;0;0;1;1;0;0;0;0;0;0;0;1;0;0;1;1;0;0;diversification;50
0,217523;0;1;0;0;1;0;0;1;0;0;0;0;0;0;1;0;0;0;0;0;1;1;0;1;0;0;0;0;0;0;0;0;1;0;1;0;diversification;50
0,208482;0;1;0;0;1;0;0;1;0;1;0;0;0;0;0;0;0;0;0;0;1;1;0;0;0;0;0;0;0;0;0;0;1;0;0;1;crossover;51
0,216397;0;1;0;0;1;0;0;1;0;0;0;0;0;0;0;0;0;0;0;0;1;0;0;0;0;1;0;1;0;0;0;0;1;0;0;1;crossover;51
-0,433984;0;1;0;0;1;0;0;1;0;0;0;0;0;0;0;0;0;0;0;0;1;0;0;0;0;0;0;0;0;0;0;0;1;1;0;1;crossover;51
-0,616513;1;0;0;0;0;0;0;1;0;0;0;0;1;0;0;0;0;0;0;0;1;1;1;0;0;0;0;0;0;0;0;0;1;0;1;0;crossover;51
0,230098;0;1;0;0;1;0;0;1;0;0;0;0;0;0;0;0;0;0;0;0;1;0;0;0;0;1;0;0;0;1;0;0;1;0;0;0;crossover;54
-0,035240;0;0;1;0;0;0;0;1;0;0;0;0;0;0;0;0;0;0;0;0;0;0;0;0;0;0;0;0;0;0;0;0;1;0;0;1;mutation;55
-0,020204;0;1;0;0;0;0;0;1;0;0;0;0;0;0;0;0;0;0;0;0;0;1;1;0;0;1;0;0;0;0;0;0;0;0;0;0;mutation;55
-0,460501;0;1;0;0;1;0;0;1;0;0;0;0;0;0;0;0;0;0;0;1;1;0;0;0;0;0;0;0;0;1;0;0;1;0;1;0;crossover;56
0,227265;0;1;0;0;1;0;0;1;0;0;0;0;0;0;0;0;0;0;0;1;1;1;0;0;0;0;0;0;0;0;0;0;1;0;1;0;crossover;56
0,204060;0;1;0;0;1;0;0;1;0;1;0;0;0;0;0;0;0;0;0;0;1;0;0;0;1;1;0;0;0;0;0;0;1;0;0;1;crossover;56
0,240994;0;1;0;0;1;0;0;1;0;0;0;0;0;0;0;0;0;0;0;0;1;0;1;0;0;0;0;0;0;0;0;0;1;0;1;0;crossover;57
0,213875;0;1;0;0;1;0;0;1;0;1;0;0;0;0;0;0;0;0;0;0;1;0;0;0;1;1;0;0;0;0;0;0;1;0;0;0;crossover;58
-0,463660;0;1;0;0;1;1;0;1;0;0;0;0;0;0;0;0;0;0;0;1;0;1;0;0;0;0;0;0;0;0;0;0;1;0;0;0;mutation;59
0,231116;0;1;0;0;1;0;0;1;0;0;0;0;0;0;0;0;0;0;0;0;0;0;1;0;0;0;0;0;0;0;0;0;0;0;1;0;mutation;59
0,277361;0;1;0;0;1;0;0;1;0;0;0;0;0;0;0;0;0;0;0;0;1;0;0;0;0;1;0;0;0;0;0;0;1;0;0;0;crossover;59
0,239571;0;1;0;0;1;0;0;1;0;0;0;0;0;0;0;0;0;0;0;0;1;1;1;0;0;0;0;0;0;0;0;0;1;1;0;0;crossover;61
-0,910937;1;1;0;0;1;0;0;1;0;0;0;0;0;0;0;0;0;0;0;0;1;0;0;0;1;1;0;0;1;0;0;0;1;1;0;0;mutation;61
-1,587021;0;1;0;1;1;0;0;1;0;0;1;0;0;0;1;0;0;0;1;0;1;0;0;0;0;0;0;0;0;0;0;0;1;1;0;0;mutation;61
0,256364;0;1;0;0;1;0;0;1;0;0;0;0;0;0;0;0;0;0;0;0;1;1;0;0;0;1;0;0;0;0;0;0;1;0;0;0;crossover;62
0,275160;0;1;0;0;1;0;0;1;0;0;0;0;0;0;0;0;0;0;0;0;0;0;0;0;1;0;0;0;0;0;0;0;1;0;0;0;crossover;62
0,183139;0;1;0;0;1;0;0;1;0;1;0;0;0;0;0;0;0;0;0;0;1;1;0;0;1;1;0;0;0;1;0;0;1;0;0;1;crossover;62
0,248667;0;1;0;0;1;0;0;1;0;0;0;0;0;0;0;0;0;0;0;0;1;0;0;0;0;1;0;0;0;0;0;0;1;0;1;0;crossover;63
-0,566650;0;0;0;0;1;0;0;1;0;0;0;0;1;0;0;0;0;0;0;0;1;0;1;0;0;0;0;0;0;0;0;0;1;1;0;0;mutation;64
-0,240645;0;0;0;0;0;0;0;0;0;0;0;0;0;0;0;0;0;0;0;0;1;0;0;0;1;0;0;0;0;0;0;0;1;0;1;0;mutation;64
0,198017;0;1;0;0;1;0;0;1;0;1;0;0;0;0;0;0;0;0;0;0;1;0;0;0;0;1;0;0;0;0;0;0;1;0;0;0;crossover;65
-1,169106;0;1;0;1;1;0;0;1;0;0;0;1;0;0;0;0;0;0;0;1;0;0;0;0;1;0;0;0;0;0;0;0;1;1;0;0;mutation;65
0,118948;0;1;0;0;0;0;0;1;1;0;0;0;0;0;0;0;0;0;0;0;0;0;0;0;0;0;0;0;0;0;0;0;0;0;0;0;mutation;65
-0,037953;0;0;0;0;0;0;0;1;1;0;0;0;0;0;0;0;0;0;0;0;0;0;0;0;0;1;0;0;0;0;0;0;1;0;0;0;mutation;66
0,186962;0;1;1;0;1;0;0;1;0;1;0;0;0;0;0;0;1;0;0;0;1;0;1;0;0;0;0;0;0;0;0;0;1;0;1;0;mutation;66
0,236054;0;1;0;0;1;0;0;1;0;0;0;0;0;0;0;0;0;0;0;0;0;0;0;0;0;1;0;0;0;1;0;0;1;0;0;1;crossover;67
0,256795;0;1;0;0;1;0;0;1;0;0;0;0;0;0;0;0;0;0;0;0;1;0;0;0;1;0;0;0;0;0;0;0;1;0;0;0;crossover;67
-0,737600;0;0;0;0;1;0;0;1;0;0;0;0;0;0;0;0;0;0;0;0;1;0;0;0;0;0;1;0;0;0;0;0;0;1;0;0;diversification;70
0,199843;0;0;1;0;0;0;0;1;1;0;0;0;0;0;1;0;0;0;0;0;1;0;0;0;0;0;0;0;0;0;0;0;1;0;0;0;diversification;70
0,166361;0;1;0;0;1;0;0;0;0;0;0;0;0;1;0;0;0;0;0;0;1;1;0;0;0;0;0;0;0;0;0;1;0;0;0;0;diversification;70
-1,159386;0;1;0;1;1;0;0;1;0;0;0;1;0;0;0;0;1;0;0;0;0;0;0;0;1;0;0;0;0;0;0;0;0;0;1;0;diversification;70
-1,055288;1;0;0;0;1;0;0;1;1;0;0;0;0;0;0;0;0;0;0;0;0;0;0;0;1;0;0;0;0;0;0;1;0;0;0;0;diversification;70
-0,571472;1;1;0;0;1;0;0;0;0;1;0;0;0;0;0;0;1;0;0;0;1;0;0;0;0;0;0;0;0;1;0;0;1;0;0;0;diversification;70
0,007801;0;1;0;0;0;0;0;1;0;0;0;0;0;0;0;0;0;0;0;0;0;0;0;0;0;0;0;0;0;0;0;0;1;0;0;1;diversification;70
-0,500800;0;1;0;1;1;0;0;1;0;1;0;0;0;0;0;0;0;0;0;0;0;0;0;0;0;0;0;0;0;0;0;0;1;0;0;1;diversification;70
-0,675181;0;0;0;0;1;0;0;1;0;0;1;0;0;0;0;0;0;0;0;0;0;0;0;1;0;0;0;0;0;0;0;0;1;0;0;0;diversification;70
-1,181063;0;1;0;0;1;1;0;1;0;1;1;0;0;0;1;0;1;0;0;0;1;0;0;0;0;1;0;0;0;0;0;0;1;0;1;0;diversification;70
-0,482525;0;1;0;0;1;0;0;1;0;1;0;0;0;0;0;0;0;0;0;0;1;0;0;0;0;0;0;0;0;1;0;1;1;0;0;0;diversification;70
-0,065159;0;1;0;0;0;0;0;1;0;0;0;0;0;0;0;0;0;0;0;0;0;0;0;0;0;0;0;0;0;0;0;0;1;0;0;0;crossover;71
0,230839;0;1;0;0;1;0;0;1;0;0;0;0;0;0;0;0;0;0;0;0;1;1;1;0;0;0;0;0;0;0;0;0;1;0;0;1;crossover;71
0,264524;0;1;0;0;1;0;0;1;0;0;0;0;0;0;0;0;0;0;0;0;1;0;0;0;0;0;0;0;0;1;0;0;1;0;0;0;crossover;71
0,254330;0;1;0;0;1;0;0;1;0;0;0;0;0;0;0;0;0;0;0;0;1;0;0;0;0;1;0;0;0;0;0;0;1;0;0;1;crossover;71
0,255816;0;1;0;0;1;0;0;1;0;0;0;0;0;0;0;0;0;0;0;0;1;0;1;0;0;0;0;0;0;0;0;1;0;0;0;0;crossover;71
-0,505477;0;1;0;0;1;0;0;0;0;0;0;0;0;1;0;0;0;0;0;0;1;1;0;0;0;0;0;0;0;0;0;0;1;0;1;0;crossover;71
0,248636;0;1;0;0;1;0;0;1;0;0;0;0;0;0;0;0;0;0;0;0;1;1;0;0;0;0;0;0;0;1;0;0;1;0;0;0;crossover;72
0,252532;0;1;0;0;1;0;0;1;0;0;0;0;0;0;0;0;0;0;0;0;1;0;1;0;0;0;0;0;0;0;0;0;1;1;0;0;crossover;72
0,198166;0;1;0;0;1;0;0;1;0;1;0;0;0;0;0;0;0;0;0;0;1;0;0;0;0;1;0;0;0;0;0;0;1;0;0;1;crossover;72
-0,490857;1;1;0;0;1;0;0;1;0;0;0;0;0;0;0;1;0;0;0;0;1;1;0;0;0;0;0;0;0;0;1;0;1;0;0;0;mutation;73
-0,516716;0;1;0;0;0;1;0;1;0;0;0;0;0;0;0;0;0;0;1;0;1;1;1;0;1;1;0;0;0;0;0;0;1;0;0;0;mutation;73
-0,888356;0;1;0;0;1;1;0;1;0;0;0;0;0;0;0;0;0;0;0;1;1;0;0;1;0;1;0;0;1;0;0;0;1;0;0;1;mutation;73
0,028743;0;1;0;0;0;0;0;0;0;0;0;0;0;0;0;0;0;0;0;0;1;1;0;0;0;0;0;0;0;0;0;1;0;0;0;0;mutation;73
0,243566;0;1;0;0;1;0;0;1;0;0;0;0;0;0;0;0;0;0;0;0;1;0;0;0;0;1;0;0;0;0;0;0;1;1;0;0;crossover;73
0,250223;0;1;0;0;1;0;0;1;0;0;0;0;0;0;0;0;0;0;0;0;1;0;0;0;1;0;0;0;0;0;0;0;1;0;0;1;crossover;74
-0,476194;0;1;0;0;1;0;0;1;0;0;0;0;0;0;0;0;0;0;0;0;1;0;1;0;0;0;0;0;0;0;0;1;1;0;0;0;crossover;76
0,273568;0;1;0;0;1;0;0;1;0;0;0;0;0;0;0;0;0;0;0;0;1;0;0;0;0;1;0;0;0;0;0;0;0;0;0;0;crossover;76
0,214731;0;1;0;0;1;0;0;1;0;0;0;0;0;0;0;0;0;0;0;0;1;0;0;0;1;1;0;0;0;0;0;0;1;0;0;0;crossover;79
-1,018598;0;1;1;0;0;0;0;1;0;0;0;0;0;0;0;0;1;0;0;0;1;0;0;0;0;1;1;0;0;1;0;0;1;0;0;0;diversification;80
-1,398672;0;1;0;0;1;0;0;0;0;0;0;0;1;1;0;0;0;0;0;0;1;0;0;0;0;0;0;0;0;1;0;0;1;1;0;0;diversification;80
-0,602193;0;1;0;0;0;0;0;1;0;0;0;1;0;0;0;0;0;0;0;1;1;1;1;0;1;1;0;0;0;0;0;0;1;0;0;0;diversification;80
0,264324;0;1;0;0;1;0;0;1;0;0;0;0;0;0;0;0;0;0;0;0;0;0;0;0;0;1;0;0;0;0;0;0;1;0;0;0;crossover;80
-0,529198;0;1;1;0;1;0;0;1;1;1;0;0;0;0;1;0;0;0;0;0;1;0;0;0;0;1;0;0;0;0;0;0;0;0;0;0;diversification;80
-1,399682;0;1;1;0;1;0;0;1;0;0;0;1;0;0;0;0;0;0;0;0;1;0;1;0;0;0;1;0;0;1;0;1;1;0;0;0;diversification;80
0,084893;1;1;0;0;0;0;0;0;0;0;0;0;0;0;0;0;0;1;0;0;0;0;0;0;0;0;0;0;0;1;0;0;1;0;0;0;diversification;80
-4,958078;0;0;0;0;1;0;0;0;0;0;0;0;0;0;0;0;0;0;0;0;1;0;0;0;0;0;0;0;0;0;0;0;0;0;0;0;diversification;80
-4,758956;0;1;0;0;0;0;0;0;0;0;0;0;0;0;0;0;0;0;0;0;1;0;0;0;0;0;0;0;0;0;0;0;0;0;0;0;diversification;80
-0,897348;0;1;0;0;1;0;0;1;0;0;1;0;0;0;0;0;0;0;0;1;1;0;0;0;0;0;1;0;0;0;0;0;1;0;0;1;diversification;80
-0,500631;0;1;0;0;1;1;0;1;0;1;0;0;0;0;0;0;0;1;0;0;0;0;0;0;0;1;0;0;0;0;1;0;1;0;0;0;diversification;80
-0,550104;0;1;0;0;1;0;0;0;0;1;0;0;0;1;0;1;0;0;0;0;1;0;0;0;0;1;0;0;1;0;0;0;0;0;0;0;diversification;80
0,257755;0;1;0;0;1;0;0;1;0;0;0;0;0;0;0;0;0;0;0;0;0;0;0;0;0;1;0;0;0;0;0;0;1;0;1;0;crossover;81
0,242801;0;1;0;0;1;0;0;1;0;0;0;0;0;0;0;0;0;0;0;0;1;0;0;0;1;0;0;0;0;0;0;0;1;0;1;0;crossover;82
0,226681;0;1;0;0;1;0;0;1;0;0;0;0;0;0;0;0;0;0;0;0;1;0;0;0;0;0;0;0;0;0;0;0;0;0;0;0;crossover;82
0,241977;0;1;0;0;1;0;0;1;0;0;0;0;0;0;0;0;0;0;0;0;1;0;0;0;0;1;0;0;0;0;0;0;0;0;0;1;crossover;82
0,198503;0;1;0;0;1;0;0;1;0;0;0;0;0;0;0;0;0;0;0;0;0;0;0;0;1;0;0;0;0;0;0;0;0;0;0;0;crossover;83
0,205301;0;1;0;0;1;0;0;1;0;0;0;0;0;0;0;0;0;0;0;0;0;0;0;0;0;1;0;0;0;0;0;0;0;0;0;0;crossover;85
0,240572;0;1;0;0;1;0;0;1;0;0;0;0;0;0;0;0;0;0;0;0;1;1;0;0;0;0;0;0;0;0;0;1;0;0;0;0;crossover;87
0,254475;0;1;0;0;1;0;0;1;0;0;0;0;0;0;0;0;0;0;0;0;0;0;0;0;1;0;0;0;0;0;0;0;1;0;1;0;crossover;89
-1,263436;0;1;0;0;1;1;0;0;0;0;1;0;0;0;0;0;1;0;0;0;1;0;0;0;0;0;0;0;0;0;0;0;1;1;0;0;diversification;90
-1,904579;1;1;0;1;1;0;0;1;1;0;1;0;1;0;0;0;0;0;0;0;1;0;0;0;0;1;0;0;0;0;0;0;1;0;0;0;diversification;90
-1,452064;0;1;0;0;1;0;1;1;0;0;1;0;1;0;0;0;0;0;0;0;1;0;0;0;0;1;0;1;0;0;0;0;1;0;0;1;diversification;90
-0,016234;0;1;0;0;0;0;0;1;0;0;0;0;0;0;0;0;0;0;0;0;1;0;0;0;0;0;0;0;1;0;0;0;0;0;0;0;diversification;90
0,191006;0;0;1;1;0;0;0;1;0;0;0;0;0;0;0;0;0;0;0;0;1;0;0;0;0;0;0;0;0;0;0;0;1;0;0;0;diversification;90
-1,303626;0;0;0;0;0;0;0;1;0;0;0;0;0;0;0;1;0;0;0;0;1;0;0;0;0;0;1;0;0;0;0;0;0;0;1;0;diversification;90
-0,731093;0;0;1;0;0;0;0;0;0;0;0;0;0;0;0;0;0;0;1;0;1;0;0;0;0;0;0;0;0;0;0;0;1;0;1;0;diversification;90
-1,404347;0;1;0;0;1;1;0;0;0;0;0;0;0;0;1;0;0;0;0;0;1;0;0;0;1;0;0;1;0;1;0;0;1;0;1;1;diversification;90
0,103686;0;0;0;0;1;0;0;1;0;0;0;0;0;1;0;0;0;0;0;0;1;0;0;0;0;1;0;0;1;0;0;0;0;0;0;0;mutation;90
-1,188756;0;1;0;0;1;0;0;1;0;0;0;0;0;0;0;0;0;1;0;1;0;0;0;0;0;1;0;0;1;1;0;0;1;0;0;0;diversification;90
0,098351;0;0;0;0;1;0;0;1;0;0;0;0;0;0;0;0;0;1;0;0;0;0;0;0;0;1;0;1;0;0;0;0;1;0;1;0;diversification;90
-0,819839;0;0;0;0;1;0;1;0;0;0;0;0;0;0;0;0;0;0;0;0;1;0;0;0;0;0;0;0;0;1;0;0;0;0;0;0;diversification;90
-0,485868;0;1;0;0;1;0;0;1;0;0;0;1;0;0;0;0;0;0;0;0;1;0;0;1;1;1;0;0;0;0;0;0;1;0;0;1;diversification;90
0,087104;0;1;0;0;0;0;0;1;0;0;0;0;0;0;0;0;0;0;0;1;0;0;0;0;0;1;0;0;0;0;0;0;1;0;0;0;diversification;90
-0,857795;0;1;0;1;1;0;0;1;0;0;0;0;0;0;0;1;0;0;0;0;1;0;0;0;1;0;0;0;0;0;0;0;1;0;0;0;diversification;90
0,235474;0;1;0;0;1;0;0;1;0;0;0;0;0;0;0;0;0;0;0;0;0;0;0;0;1;0;0;0;0;0;0;0;1;1;0;0;crossover;91
0,040362;0;1;0;0;0;0;0;1;0;0;0;0;0;0;0;0;0;0;0;0;1;0;0;0;0;1;0;0;0;0;0;0;1;0;0;0;crossover;91
0,247444;0;1;0;0;1;0;0;1;0;0;0;0;0;0;0;0;0;0;0;1;0;0;0;0;0;1;0;0;0;0;0;0;1;0;0;0;crossover;91
0,236306;0;1;0;0;1;0;0;1;0;0;0;0;0;0;0;0;0;0;0;0;1;1;0;0;0;1;0;0;0;0;0;0;1;0;1;0;crossover;91
-0,983147;1;1;0;0;1;0;0;1;0;0;0;0;0;0;0;0;1;0;0;0;0;0;0;0;1;0;0;0;0;0;0;0;0;0;0;0;mutation;92
-0,436359;0;1;0;0;1;0;0;1;1;0;0;0;0;0;0;0;0;0;0;0;1;0;1;0;0;0;0;0;0;0;0;0;1;0;0;1;mutation;92
-0,053702;0;0;0;0;1;0;0;0;0;0;0;0;0;0;0;0;0;0;0;0;1;0;0;1;0;1;0;0;0;0;0;0;1;0;0;0;mutation;93
-0,071369;0;1;0;0;0;0;0;0;0;0;0;0;0;0;0;0;0;0;0;0;0;0;0;0;1;1;0;0;0;0;0;0;1;0;0;0;mutation;93
-1,198583;0;1;0;0;1;0;1;1;0;0;0;1;0;0;0;1;0;0;0;0;1;0;0;0;0;0;1;0;0;0;0;0;1;0;0;0;mutation;93
0,145210;0;1;0;0;1;0;0;0;0;0;0;0;0;0;0;0;0;1;0;0;0;0;0;0;0;0;0;0;0;0;0;0;1;0;0;1;mutation;93
0,245966;0;1;0;0;1;0;0;1;0;0;0;0;0;0;0;0;0;0;0;0;1;0;0;0;0;0;0;0;0;0;0;1;0;0;0;0;crossover;94
0,226786;0;1;0;0;1;0;0;1;0;0;0;0;0;0;0;0;0;0;0;0;1;1;0;0;0;0;0;0;0;0;0;0;0;0;0;0;crossover;94
0,248959;0;1;0;0;1;0;0;1;0;0;0;0;0;0;0;0;0;0;0;0;1;0;1;0;0;0;0;0;0;0;0;0;1;0;0;1;crossover;96
0,235201;0;1;0;0;1;0;0;1;0;0;0;0;0;0;0;0;0;0;0;0;1;0;0;0;1;0;0;0;0;0;0;1;0;0;0;0;crossover;96
0,266549;0;1;0;0;1;0;0;1;0;0;0;0;0;0;0;0;0;0;0;0;0;0;0;0;0;0;0;0;0;0;0;0;1;0;1;0;crossover;97
0,261495;0;1;0;0;1;0;0;1;0;0;0;0;0;0;0;0;0;0;0;0;0;0;0;0;0;1;0;0;0;0;0;0;1;1;0;0;crossover;99
-0,813832;0;0;0;0;0;0;1;0;0;0;1;0;0;0;0;0;0;0;0;0;1;0;0;0;0;0;0;0;0;0;0;0;1;0;0;0;diversification;100
-0,961967;0;1;1;0;1;0;1;1;0;0;0;0;1;0;0;0;0;0;1;0;1;0;0;1;0;1;0;0;0;0;0;0;1;0;0;0;diversification;100
-1,737638;0;1;0;0;1;0;0;1;0;0;0;1;0;0;1;0;0;0;1;0;1;0;0;0;1;1;0;0;0;0;0;0;0;0;0;1;diversification;100
0,090402;0;1;0;0;0;0;1;1;0;1;0;0;0;0;0;0;0;0;0;0;0;0;0;0;1;0;0;0;0;0;0;0;0;0;1;0;diversification;100
-0,766155;0;0;0;1;0;0;0;1;0;0;0;0;0;0;0;0;0;0;0;0;0;0;0;0;0;1;0;0;0;0;0;1;1;0;0;0;diversification;100
0,245189;0;1;0;0;1;0;0;1;0;0;0;0;0;0;0;0;0;0;0;0;0;0;0;0;1;0;0;0;0;0;0;1;0;0;0;0;crossover;100
-0,034617;0;1;1;0;0;0;0;0;0;0;0;0;0;0;0;0;0;0;0;0;1;0;0;0;0;0;0;0;0;1;0;0;1;0;0;0;diversification;100
-0,547375;0;1;0;1;1;0;0;0;0;0;0;0;0;0;0;0;0;0;0;0;0;0;0;0;1;0;0;0;0;0;1;0;1;0;0;0;diversification;100
-1,048927;0;0;0;0;1;0;0;1;0;1;0;0;0;0;0;0;0;0;1;0;0;0;0;0;1;0;0;0;0;0;0;0;0;0;0;1;diversification;100
-0,029121;0;1;0;0;0;0;0;1;0;0;0;0;0;0;0;1;0;0;0;0;0;0;1;0;0;0;0;0;0;0;0;0;0;0;0;0;diversification;100
-0,897859;0;1;1;0;1;0;0;1;0;1;0;0;1;1;0;0;0;0;0;0;1;0;0;0;0;1;1;0;0;0;0;0;1;0;0;0;diversification;100
-0,544160;0;1;0;0;0;0;0;1;1;0;0;0;0;0;0;0;0;0;0;0;0;0;0;0;0;1;1;0;0;0;1;0;0;0;0;0;diversification;100
0,146971;0;1;0;0;1;0;0;0;0;0;0;1;0;0;0;0;0;0;0;0;0;0;0;0;0;1;0;1;0;0;0;0;1;0;0;0;diversification;100
0,212947;0;1;0;0;1;0;0;1;0;1;0;0;0;0;0;0;0;0;0;0;0;0;0;0;1;0;0;0;0;0;0;0;1;0;0;0;crossover;101
-0,516321;0;1;0;0;1;0;0;0;0;0;0;1;0;0;0;0;0;0;0;0;0;1;0;0;0;0;0;0;0;0;0;0;1;0;0;1;crossover;101
0,236246;0;1;0;0;1;0;0;1;0;0;0;0;0;0;0;0;0;0;0;0;1;0;0;0;0;1;0;1;0;0;0;0;1;0;0;0;crossover;101
0,211934;0;1;0;0;1;0;0;1;0;0;0;0;0;0;0;0;0;0;0;0;0;0;1;0;0;0;0;0;0;0;0;0;0;0;0;0;crossover;101
-0,668628;0;1;0;0;0;0;0;1;0;0;0;0;0;0;0;1;0;0;0;0;0;0;0;0;0;1;0;0;0;0;0;0;1;1;0;0;crossover;101
-0,106499;0;0;0;0;0;0;1;0;0;0;1;0;0;0;0;0;0;0;0;0;1;0;0;0;0;1;0;0;0;0;0;0;0;0;0;0;crossover;101
0,302227;0;1;0;0;1;0;0;1;0;0;0;0;0;0;0;0;0;0;0;0;0;0;0;0;0;0;0;0;0;0;0;0;1;0;0;0;crossover;101
0,212361;0;1;0;0;1;0;0;1;0;0;0;0;0;0;0;0;0;0;0;0;1;0;0;0;1;1;0;0;0;0;0;0;1;1;0;0;crossover;102
0,242918;0;1;0;0;1;0;0;1;0;0;0;0;0;0;0;0;0;0;0;0;1;0;1;0;0;0;0;0;0;0;0;0;1;0;0;0;crossover;102
0,214153;0;1;0;0;1;0;0;1;0;0;0;0;0;0;0;0;0;0;0;0;1;1;1;0;1;0;0;0;0;0;0;0;1;0;0;0;crossover;107
0,052097;0;0;0;0;1;0;0;1;0;0;0;0;0;0;0;0;0;0;1;0;0;0;0;0;0;1;0;0;0;0;0;0;1;0;0;0;mutation;107
-1,617771;0;1;0;0;1;0;1;1;0;0;1;0;0;0;0;0;0;0;0;0;1;0;0;0;0;1;1;0;0;0;0;0;1;0;1;1;mutation;107
-0,483627;0;1;0;0;1;0;1;1;0;0;0;0;0;0;0;0;0;0;0;0;0;1;0;0;0;0;0;0;0;0;0;0;0;0;0;0;mutation;109
0,226653;0;1;0;0;1;0;0;1;0;1;0;0;0;0;0;0;0;0;0;0;1;1;0;0;0;0;0;0;0;1;0;0;1;0;0;0;mutation;112
-0,513586;0;1;0;1;0;0;0;1;0;1;0;0;0;0;0;0;0;1;0;0;1;0;0;0;1;0;0;0;0;0;0;0;1;0;0;0;diversification;112
0,215672;0;1;0;0;0;1;0;1;0;0;0;0;0;0;0;0;0;0;0;0;0;1;0;0;1;0;0;1;0;0;0;0;0;0;0;0;diversification;112
-0,610178;0;1;0;1;1;0;0;0;0;0;0;0;0;0;0;0;0;0;0;0;0;1;0;0;0;0;0;1;0;0;0;0;0;0;0;0;diversification;112
-1,262715;1;1;0;0;1;0;1;1;0;0;0;0;0;1;0;0;1;0;0;0;0;0;0;0;0;0;0;0;0;0;0;0;0;0;0;0;diversification;112
-0,471943;0;1;0;1;0;0;0;1;0;1;1;0;0;0;0;0;0;0;0;0;0;0;0;0;1;0;0;0;0;0;0;0;1;0;0;0;mutation;112
0,160647;0;1;0;0;0;0;0;1;1;0;0;0;0;1;0;1;0;0;0;0;0;0;0;0;0;0;0;0;0;0;0;0;0;0;0;0;diversification;112
0,109860;0;0;0;0;0;1;0;1;0;0;0;0;0;0;0;0;0;0;1;0;1;0;0;1;0;1;0;0;0;0;0;0;0;0;0;0;diversification;112
-0,550175;0;1;0;1;0;0;0;0;0;0;0;0;0;0;0;0;0;0;1;0;0;0;0;0;1;1;0;0;0;0;0;0;1;0;0;0;diversification;112
-0,775503;0;0;0;0;1;1;0;0;0;0;0;0;0;0;0;0;0;0;0;0;1;1;1;0;0;0;0;0;0;0;0;0;0;0;0;0;mutation;112
-1,103971;0;0;0;0;1;0;0;0;0;0;0;0;0;0;0;1;0;0;0;0;0;0;0;0;0;0;0;0;0;0;1;1;1;0;1;0;diversification;112
-0,575151;1;1;0;0;1;0;0;0;0;1;0;0;0;0;0;0;0;0;0;0;0;0;0;0;0;0;0;0;1;0;0;0;1;0;0;0;diversification;112
-1,604068;0;1;0;0;1;0;1;1;0;0;1;0;0;0;0;0;0;0;0;0;1;0;0;0;1;0;1;0;0;1;0;1;1;0;0;0;diversification;112
-0,021508;0;1;0;0;0;0;0;0;0;0;0;0;0;0;0;0;0;1;0;0;0;0;0;0;0;1;0;0;0;0;1;0;1;0;0;0;diversification;112
-0,930710;1;1;0;0;1;0;0;1;0;1;0;0;0;0;0;0;0;0;0;1;1;0;0;1;0;0;0;0;0;0;0;1;1;0;1;0;diversification;112
0,205456;0;1;0;0;1;0;0;1;0;1;0;0;0;0;0;0;0;0;0;0;1;0;0;0;0;1;0;0;0;0;0;0;1;1;0;0;crossover;113
0,217374;0;1;0;0;1;0;0;1;0;0;0;0;0;0;0;0;0;0;0;0;0;0;0;0;1;1;0;0;0;1;0;0;1;0;0;1;crossover;113
-0,561337;0;0;1;0;1;0;0;1;0;0;0;1;0;0;0;0;0;0;0;0;0;0;0;0;0;1;0;0;0;0;0;0;1;0;0;1;mutation;114
-0,486602;0;1;0;0;1;0;0;1;0;0;0;1;0;1;0;0;0;0;0;0;0;0;0;0;0;0;0;0;0;0;0;0;0;0;0;0;mutation;114
0,266013;0;1;0;0;1;0;0;1;0;0;0;0;0;0;0;0;0;0;0;0;0;0;0;0;0;0;0;0;0;1;0;0;1;0;0;0;crossover;114
0,230723;0;1;0;0;1;0;0;1;0;0;0;0;0;0;0;0;0;0;0;0;1;0;1;0;0;0;0;0;0;0;0;0;0;0;0;0;crossover;115
0,191359;0;1;0;0;1;0;0;1;0;1;0;0;0;0;0;0;0;0;0;0;1;0;0;0;1;1;0;0;0;0;0;0;0;0;0;0;crossover;115
-0,769451;0;1;0;0;0;0;0;0;0;0;0;0;0;1;0;0;0;0;0;0;0;0;0;0;0;1;0;0;0;0;0;0;1;0;1;0;mutation;115
0,029161;0;0;0;0;1;0;0;1;0;0;0;0;0;0;0;0;0;0;1;0;0;0;0;0;0;0;0;0;0;0;0;0;1;0;0;0;mutation;115
0,040235;0;1;0;0;0;0;0;1;0;0;0;0;0;0;0;0;0;0;0;0;1;0;0;0;1;1;0;0;0;0;1;1;0;0;0;0;mutation;115
-1,441255;0;1;0;1;1;0;0;1;1;0;0;0;0;0;0;0;0;0;0;0;0;0;0;0;0;1;0;0;0;0;0;1;1;0;1;0;mutation;115
0,245631;0;1;0;0;1;0;0;1;0;0;0;0;0;0;0;0;0;0;0;0;1;0;0;0;0;1;0;0;0;0;0;1;0;0;0;0;crossover;116
0,253942;0;1;0;0;1;0;0;1;0;0;0;0;0;0;0;0;0;0;0;0;0;0;0;0;0;0;0;0;0;0;0;0;1;0;0;1;crossover;118
0,226645;0;1;0;0;1;0;0;1;0;0;0;0;0;0;0;0;0;0;0;0;0;1;0;0;0;1;0;0;0;0;0;0;1;0;0;0;crossover;119
-0,937211;0;1;0;0;1;1;0;1;0;0;0;0;0;0;1;0;0;0;1;0;0;0;0;0;0;1;0;0;0;0;0;0;0;0;0;0;mutation;120
0,100633;0;1;0;0;1;0;0;0;0;0;0;0;0;0;0;0;0;1;0;0;0;0;0;1;0;0;0;0;0;0;0;0;0;0;0;0;mutation;120
-0,079411;0;1;0;0;0;0;0;0;0;0;0;0;0;0;0;0;0;0;0;0;1;0;0;0;0;1;0;0;0;0;0;1;0;0;0;0;mutation;120
-0,676065;0;0;0;0;1;0;1;1;0;0;0;0;0;0;0;0;0;0;0;0;0;0;0;0;0;0;0;1;0;0;0;0;1;0;0;1;mutation;120
-1,097897;0;0;0;1;1;0;0;0;0;0;1;0;0;0;0;0;0;0;0;0;1;0;0;0;0;0;0;0;0;0;0;0;1;1;0;0;diversification;122
-1,408432;0;1;0;0;1;0;0;1;0;0;0;1;0;0;0;0;0;1;0;0;0;0;1;0;0;1;0;0;0;1;0;0;0;1;0;0;diversification;122
-0,718203;0;1;0;0;0;0;0;1;0;0;1;0;0;0;0;0;0;0;0;0;0;0;0;1;0;0;0;0;0;0;0;0;1;0;0;0;diversification;122
0,121158;0;1;0;1;0;0;0;0;0;0;0;0;0;1;0;0;0;0;0;0;1;0;0;0;0;1;0;0;0;0;0;0;0;0;0;0;diversification;122
-1,214641;0;1;0;0;1;0;0;1;0;0;0;0;0;0;0;0;1;1;0;0;0;1;1;0;1;0;0;1;0;0;0;0;1;0;0;0;diversification;122
-0,035791;0;0;0;0;1;0;0;1;0;0;0;0;0;0;0;0;0;0;0;0;1;0;0;0;0;0;0;1;0;0;0;0;0;0;0;0;diversification;122
-0,518048;0;1;0;0;0;1;0;0;0;0;0;0;0;1;0;0;0;0;0;0;1;0;0;0;0;1;0;0;0;1;0;0;1;0;0;0;diversification;122
-0,026415;0;1;0;0;0;0;0;1;0;0;0;0;0;0;0;0;0;0;0;0;0;1;0;0;0;1;0;0;0;0;0;0;0;0;1;0;diversification;122
-0,602873;0;1;0;0;0;0;1;0;0;0;1;0;0;0;0;0;0;0;0;0;1;0;0;0;0;0;0;0;0;0;0;0;1;1;0;0;diversification;122
-1,402757;0;1;0;1;1;0;0;1;0;0;0;0;0;1;1;0;1;0;0;0;1;0;0;0;0;0;0;0;0;1;0;1;1;0;0;0;diversification;122
-0,438193;0;1;0;0;1;0;0;1;0;0;0;0;0;0;0;0;0;0;0;0;0;0;0;0;0;0;0;0;0;1;0;0;1;0;1;0;crossover;122
-0,089482;1;0;0;0;0;0;0;0;0;0;0;0;0;0;0;0;1;0;0;0;1;0;0;0;0;0;0;0;0;0;0;0;1;0;0;1;diversification;122
-0,625869;0;1;0;0;0;0;1;0;0;0;1;0;0;0;0;0;0;0;0;0;1;0;0;0;0;0;0;0;0;0;0;0;1;0;0;0;crossover;123
0,228739;0;1;0;0;1;0;0;1;0;0;0;0;0;0;0;0;0;0;0;0;1;0;0;0;0;1;0;0;0;0;0;0;0;0;1;0;crossover;124
0,140130;0;1;0;0;1;0;0;1;0;0;0;0;0;0;0;0;0;0;0;0;0;0;0;0;0;0;0;0;0;0;0;0;0;0;0;0;crossover;125
0,202829;0;1;0;0;1;0;0;1;0;1;0;0;0;0;0;0;0;0;0;0;1;0;0;0;1;1;0;0;0;1;0;0;0;0;0;0;crossover;126
-0,437392;0;1;0;0;1;0;0;1;0;0;0;0;0;0;0;0;0;0;0;0;1;0;0;0;0;0;0;0;0;0;0;0;1;0;1;1;crossover;128
-0,496588;0;1;0;0;1;0;0;1;1;0;0;0;0;1;0;0;0;0;0;0;1;1;0;1;1;0;0;0;0;0;0;0;1;0;0;0;mutation;129
-0,036102;0;1;0;0;0;0;0;0;0;0;0;0;0;1;0;0;0;1;0;0;1;0;0;0;0;0;0;0;0;0;0;0;1;0;0;0;mutation;129
0,251397;0;1;0;0;1;0;0;1;0;0;0;0;0;0;0;0;0;0;0;0;0;0;0;0;1;0;0;0;0;1;0;0;1;0;0;0;crossover;131
-1,017248;0;1;1;0;0;0;0;1;0;0;1;1;0;0;0;0;0;0;0;0;1;0;1;0;0;0;0;0;0;0;0;0;1;1;0;0;diversification;132
-0,577805;0;1;0;0;1;0;0;0;0;0;0;0;0;0;0;0;0;0;1;0;0;0;0;1;0;0;1;0;0;0;0;0;0;0;0;0;diversification;132
-1,182029;0;1;0;1;0;0;0;1;0;0;0;0;0;0;1;1;1;0;0;0;0;0;0;0;0;0;0;0;0;0;0;0;1;0;0;0;diversification;132
0,211828;0;1;0;0;1;0;0;1;0;0;0;0;0;0;0;0;1;0;0;0;0;0;0;0;0;1;0;0;1;0;0;0;0;0;1;0;diversification;132
-0,585668;0;1;1;0;0;0;0;1;0;1;0;0;0;0;0;0;0;0;0;0;0;0;0;0;1;1;0;0;0;0;0;1;1;0;1;0;diversification;132
-0,672850;0;1;0;0;0;0;0;1;0;0;0;0;0;0;0;0;1;1;0;0;1;0;0;0;0;0;0;0;0;0;0;0;0;0;0;0;diversification;132
-0,113579;0;1;0;0;0;0;0;0;0;0;0;0;0;0;0;0;0;0;0;0;0;0;0;0;0;0;0;0;0;0;0;0;1;1;0;0;diversification;132
-0,513328;0;1;0;0;1;0;0;0;0;1;0;0;0;0;0;0;0;0;0;0;0;0;0;0;1;0;0;0;0;0;0;0;1;1;0;1;diversification;132
-0,448748;0;1;0;0;1;0;0;1;0;1;1;0;0;0;0;0;0;0;0;0;1;0;0;0;0;1;0;1;1;0;0;0;1;1;0;0;diversification;132
-0,495135;0;1;1;0;1;0;0;1;0;0;0;0;0;0;0;0;0;0;0;0;1;0;0;0;0;0;0;0;1;0;1;0;1;0;1;0;diversification;132
-0,575319;0;1;0;0;1;0;0;0;0;0;0;1;0;1;0;0;0;0;0;0;0;0;0;0;0;0;0;0;0;0;0;0;0;0;0;0;diversification;132
0,000321;0;1;0;0;0;0;0;1;0;0;0;0;0;0;0;0;0;0;0;1;1;0;0;0;0;0;0;0;0;0;0;0;0;0;0;0;diversification;132
-0,518616;0;1;0;0;1;0;0;0;0;0;1;0;0;0;0;0;0;0;0;0;0;0;0;0;0;0;0;0;0;1;0;0;1;0;0;0;diversification;132
0,190945;0;1;1;0;1;0;0;1;0;0;0;0;0;0;0;0;0;0;0;0;1;0;0;0;0;1;0;0;0;0;0;0;0;0;0;0;crossover;133
-0,480713;0;1;0;0;1;0;0;1;0;0;0;0;0;0;0;0;0;0;0;0;1;0;0;0;0;0;0;0;1;0;1;0;1;0;1;0;crossover;133
0,174164;0;1;0;0;1;0;0;0;0;0;0;0;0;0;0;0;0;0;0;0;1;0;0;0;0;0;0;0;0;0;0;0;1;0;0;0;crossover;133
-0,465615;0;1;0;0;1;0;0;1;0;0;0;0;0;0;0;0;0;0;1;0;0;0;0;1;0;0;1;0;0;0;0;0;0;0;0;0;crossover;133
-1,200711;0;1;0;0;1;0;1;1;0;0;0;0;1;0;0;0;0;1;0;0;0;0;0;0;0;0;0;0;0;1;0;0;1;0;1;0;mutation;135
0,220585;0;1;0;0;1;0;0;1;0;0;0;0;0;0;0;0;0;0;0;0;0;0;0;0;0;1;0;1;0;0;0;0;1;0;0;1;mutation;135
0,280147;0;1;0;0;1;0;0;1;0;1;0;0;0;0;0;0;0;0;0;0;0;0;0;0;0;0;0;0;0;0;0;0;1;0;0;0;crossover;137
-0,893490;0;1;0;0;1;0;0;1;1;0;0;0;0;0;0;0;0;0;0;0;1;0;0;1;0;0;0;0;1;0;1;0;1;1;0;0;mutation;139
0,185755;0;1;0;0;0;1;0;1;0;0;0;0;0;0;0;0;0;0;0;0;1;0;0;0;0;1;0;0;0;0;0;0;0;1;0;0;mutation;139
-1,179393;0;1;0;0;1;0;1;1;0;0;0;0;0;0;0;0;1;1;0;0;1;0;0;0;0;1;0;0;0;0;0;1;1;0;0;0;mutation;140
-0,853375;0;0;0;0;0;0;0;1;0;0;0;0;0;0;0;0;0;0;0;0;1;0;0;0;0;0;0;0;1;0;0;0;1;1;1;0;mutation;140
0,255453;0;1;0;0;1;0;0;1;0;0;0;0;0;0;0;0;0;0;0;0;0;0;0;0;0;1;0;0;0;0;0;0;1;0;0;1;crossover;141
0,118492;0;0;0;0;1;0;0;1;0;0;0;0;0;0;0;0;0;0;0;1;0;0;0;1;0;0;0;1;0;0;0;0;1;0;0;0;diversification;142
0,248623;0;1;0;0;1;0;0;1;0;0;0;0;0;0;0;0;0;0;0;0;0;0;0;0;0;1;0;0;0;0;0;1;0;0;0;0;crossover;142
-0,926143;0;1;0;0;1;0;0;0;0;0;0;0;0;0;0;0;0;0;0;0;1;0;0;0;0;0;0;0;0;0;1;1;0;0;1;1;diversification;142
-0,504246;1;1;0;1;0;0;0;1;0;0;0;0;0;0;0;0;0;1;0;0;0;0;0;0;1;0;0;0;0;1;0;0;1;0;0;0;diversification;142
-1,411686;0;0;0;0;1;0;0;0;0;0;0;1;0;0;0;0;0;0;0;0;1;0;0;1;0;0;0;0;0;1;0;0;1;1;0;0;diversification;142
-4,472155;0;1;0;0;0;1;0;0;0;0;0;0;0;0;0;0;0;0;0;0;0;0;0;0;0;0;0;0;0;0;0;0;0;0;0;0;diversification;142
-0,897254;0;1;0;0;1;0;0;1;0;1;0;1;0;0;0;0;0;0;0;0;0;0;0;0;0;1;0;0;0;1;0;1;1;0;0;0;diversification;142
0,179361;0;1;0;0;1;0;0;0;0;0;0;0;0;0;0;0;0;0;0;1;0;1;1;0;0;0;0;0;0;0;0;0;1;1;0;0;diversification;142
-0,115835;0;1;0;0;0;0;0;0;0;0;0;0;0;0;1;0;0;0;0;0;0;0;0;0;0;0;0;0;0;0;0;0;1;0;0;0;diversification;142
-0,569593;1;1;0;1;0;0;0;1;0;0;0;1;0;0;0;0;0;0;0;0;0;0;0;0;0;0;1;0;0;0;0;0;1;0;0;0;diversification;142
-0,239862;0;0;0;0;0;0;0;1;0;0;0;1;0;0;0;0;0;0;0;0;0;0;0;0;0;0;0;0;1;0;0;0;1;0;0;0;diversification;142
-0,436505;0;1;0;0;1;0;0;1;0;0;0;0;0;0;1;1;0;0;0;0;1;0;0;0;0;0;0;0;0;0;0;0;0;0;0;0;diversification;142
0,233317;0;1;0;0;1;0;0;1;0;1;0;0;0;0;0;0;0;0;0;0;0;0;0;0;0;1;0;0;0;0;0;0;1;0;0;0;crossover;142
-0,583448;1;1;0;0;1;0;0;1;0;1;0;1;0;0;0;0;1;0;0;0;0;0;0;0;0;0;0;0;0;0;0;0;0;0;0;0;diversification;142
-0,050446;0;1;0;0;0;0;0;0;0;0;0;0;0;0;0;0;1;0;0;0;1;0;0;0;0;1;0;0;0;0;0;0;1;0;0;0;mutation;143
-0,259338;0;0;0;0;0;0;0;1;0;0;0;0;0;0;0;0;0;0;1;0;1;0;0;0;0;0;0;0;0;0;0;0;0;0;0;0;mutation;143
0,224541;0;1;0;0;1;0;0;1;0;0;0;0;0;0;0;0;0;0;0;0;0;0;0;0;0;1;0;0;0;1;0;0;1;0;0;0;crossover;143
0,240557;0;1;0;0;1;0;0;1;0;1;0;0;0;0;0;0;0;0;0;0;0;0;0;0;0;0;0;0;0;0;0;0;1;0;1;0;crossover;144
0,210176;0;1;0;0;1;0;0;1;0;1;0;0;0;0;0;0;0;0;0;0;1;0;0;0;1;0;0;0;0;0;0;0;1;0;0;0;crossover;144
0,248332;0;1;0;0;1;0;0;1;0;0;0;0;0;0;0;0;0;0;0;0;0;0;0;0;0;0;0;0;0;0;0;0;1;1;0;0;crossover;146
-0,179834;0;1;0;0;0;0;0;0;0;0;0;0;0;0;0;0;0;0;0;0;0;0;0;0;0;1;0;0;0;0;0;0;1;0;0;0;mutation;151
0,144074;0;1;0;0;0;1;0;0;0;0;0;0;0;0;0;0;0;0;0;0;0;0;0;0;0;0;0;0;0;1;0;0;1;0;0;0;mutation;151
0,098649;0;1;0;0;1;0;0;0;0;0;0;0;0;0;0;0;0;0;0;0;0;0;0;0;0;1;0;0;0;1;0;0;0;0;0;0;mutation;151
-0,569069;0;1;0;0;1;0;0;0;0;0;0;0;0;0;1;0;0;0;0;0;0;0;0;0;1;0;0;0;0;0;0;0;1;0;0;0;mutation;151
-0,565046;0;1;0;0;1;0;0;0;0;0;0;0;0;0;0;1;0;1;0;0;0;0;0;0;0;0;0;0;0;0;0;0;1;0;0;0;diversification;152
-0,889065;1;1;0;0;1;0;0;1;0;0;0;0;0;0;0;0;0;0;1;0;0;0;1;0;0;0;0;0;1;0;0;0;1;0;1;0;diversification;152
-1,481069;0;0;0;0;1;1;0;1;1;0;0;0;0;0;0;0;0;0;0;0;0;0;0;1;0;0;0;0;0;0;0;0;0;0;0;0;diversification;152
-0,025480;0;1;0;0;0;0;0;0;0;0;0;0;0;0;0;0;1;0;0;0;1;0;0;0;0;0;0;0;1;0;0;0;1;0;0;0;diversification;152
-1,306966;1;1;0;0;1;1;0;0;0;1;0;0;0;0;0;0;0;0;0;0;0;0;0;1;1;0;0;0;0;0;0;0;0;0;0;0;diversification;152
-1,182448;0;1;0;0;1;0;0;1;0;0;0;0;1;0;0;0;1;0;0;0;0;0;0;0;1;1;0;0;0;0;0;0;1;1;0;0;diversification;152
-0,924235;0;1;0;0;1;1;0;1;0;1;0;0;0;0;0;1;0;0;0;0;0;0;0;0;0;1;0;0;1;0;0;0;1;0;0;0;diversification;152
-0,079568;0;0;0;0;1;0;0;1;0;0;0;0;0;0;0;0;0;0;0;0;0;0;0;0;0;0;0;0;0;0;0;0;0;1;0;0;diversification;152
-0,001680;0;1;0;0;0;0;0;1;0;0;0;0;0;0;0;0;0;0;0;0;1;0;0;0;0;0;0;0;1;0;0;0;0;0;1;0;diversification;152
-0,066318;1;0;0;0;0;0;0;1;0;0;0;0;0;0;0;0;0;0;0;0;1;0;0;1;0;0;0;0;0;0;0;0;0;0;1;0;diversification;152
0,236985;0;1;0;0;0;0;0;1;1;0;0;0;0;0;0;0;0;0;0;0;0;0;0;1;0;0;0;0;0;0;0;0;1;0;0;0;mutation;154
0,229977;0;1;0;0;1;0;0;1;0;1;0;0;0;0;0;0;0;0;0;0;1;0;0;0;0;1;0;0;0;0;0;0;0;0;0;0;crossover;158
0,226003;0;1;0;0;1;0;0;1;0;0;0;0;0;0;0;0;0;0;0;0;0;0;0;0;0;0;0;0;0;0;0;1;0;0;0;0;mutation;160
-1,224912;0;1;0;0;1;0;1;1;0;0;0;0;1;0;0;0;0;0;0;0;0;0;1;1;0;0;0;0;0;0;0;0;1;0;0;0;mutation;160
0,289464;0;1;0;0;1;0;0;1;0;0;0;0;0;0;0;0;0;0;0;0;0;1;0;0;0;0;0;0;0;0;0;0;1;0;0;0;crossover;160
