File output_ga/all/ga_setpack_superheavy_01_log,csv
elapsed_time;max_gen_reached
183,617649;False
corr_threshold;cxpb;db;divfac;divstep;elsize;k;lang;max_no_improv;maxs;metric;mincxpb;mins;mutpb;muttype;ngen;pltfile;pltvar;pop;save_log;seed;selec;toursize;verbose;wo
0,7;0,8;all;0,5;0,1;0,5;10;pt;0,2;36;sc;0,8;3;0,02;0,0;300;None;False;50;True;-1;bin;0,2;True;False
Solutions
evaluation;kills;deaths;assists;denies;gold_per_min;xp_per_min;hero_damage;hero_healing;last_hits;firstblood_claimed;obs_placed;rune_pickups;sen_placed;teamfight_participation;tower_damage;towers_killed;neutral_kills;tower_kills;lane_kills;roshan_kills;necronomicon_kills;courier_kills;observer_kills;sentry_kills;ancient_kills;camps_stacked;gold_spent;pings;roshans_killed;stuns;buyback_count;observer_uses;sentry_uses;lane_efficiency;purchase_tpscroll;actions_per_min;origin;generation
-0,140447;0;0;0;0;1;0;0;0;0;0;0;0;0;0;0;0;1;0;0;0;0;0;0;0;0;1;0;0;0;0;0;0;0;0;0;0;initial;0
0,144691;0;1;1;0;0;1;0;1;0;1;1;0;0;0;0;0;0;0;1;1;1;1;0;1;0;1;0;1;0;0;1;0;0;0;0;0;initial;0
0,040706;0;1;0;1;0;0;0;0;0;0;0;0;0;0;0;0;0;0;1;0;0;0;1;0;0;1;0;1;0;0;0;0;0;0;0;0;initial;0
0,129216;0;1;1;1;0;0;1;1;0;1;0;0;1;0;0;0;0;0;1;1;1;1;0;1;0;1;0;1;0;0;1;0;0;0;0;0;initial;0
0,152543;0;1;1;0;0;1;0;1;0;1;0;0;1;0;0;1;0;0;0;0;1;1;1;0;0;0;0;1;0;1;0;0;0;0;0;1;initial;0
0,142625;1;1;1;0;0;0;0;1;1;0;1;0;0;0;0;0;1;0;0;0;1;1;0;0;0;1;0;0;1;0;0;0;0;0;1;0;initial;0
0,203709;0;1;0;0;1;0;0;0;0;0;1;1;0;0;0;0;0;0;0;0;0;1;0;1;1;0;0;0;0;0;1;0;0;0;0;0;initial;0
0,177207;0;1;1;0;1;0;0;1;0;0;1;1;0;0;0;0;1;0;0;0;1;0;1;0;0;1;0;0;1;0;1;0;0;0;0;0;initial;0
0,162949;0;1;1;0;1;0;0;1;0;1;1;1;0;0;0;0;0;1;0;0;1;1;1;0;0;1;0;1;0;0;1;0;0;0;0;0;initial;0
0,128161;0;1;1;1;0;0;1;1;0;1;0;0;0;0;0;0;0;0;0;0;1;1;1;0;1;1;0;1;0;0;0;0;1;0;1;0;initial;0
-0,119037;0;1;0;0;0;0;0;0;0;0;0;0;1;0;0;0;0;0;0;0;0;0;0;0;0;0;0;0;0;0;0;0;0;0;1;0;initial;0
-0,316396;0;0;0;0;0;0;0;0;0;0;0;1;0;0;0;0;1;0;0;1;0;0;0;0;0;0;0;0;0;0;0;0;0;0;0;0;initial;0
0,124029;1;1;1;1;0;0;0;1;0;1;1;0;0;1;0;0;1;0;0;1;1;1;1;0;0;1;0;1;0;0;0;0;0;0;0;0;initial;0
0,133463;0;1;1;1;0;0;1;1;0;1;0;0;1;0;0;0;0;0;0;0;1;1;0;1;0;1;0;1;1;0;0;0;0;1;0;0;initial;0
0,135605;0;1;1;1;0;0;1;1;0;1;0;0;1;0;1;0;0;0;0;0;1;1;1;0;0;1;0;1;0;1;0;0;0;0;0;1;initial;0
0,111943;0;1;1;1;0;0;1;1;0;1;1;0;0;0;0;0;0;0;0;1;1;1;1;0;0;1;0;1;0;0;0;0;0;1;0;0;initial;0
0,117145;0;1;1;1;0;0;1;1;0;1;1;0;0;0;0;0;0;1;0;0;1;1;0;1;0;1;0;1;0;0;0;0;0;0;1;0;initial;0
0,156310;0;1;1;1;0;0;1;1;0;1;0;0;0;0;0;0;0;0;0;0;1;1;0;1;1;1;0;1;0;1;0;1;0;0;0;1;initial;0
0,189125;0;1;0;0;0;1;0;1;0;0;0;0;1;0;0;0;0;1;0;0;0;1;0;1;0;1;0;1;0;1;0;0;0;0;0;1;initial;0
0,123260;1;1;1;0;0;0;0;1;1;1;1;0;0;0;0;0;1;0;0;0;1;1;1;0;0;1;0;1;1;0;0;0;0;0;1;0;initial;0
0,138340;0;1;1;1;0;0;1;1;0;1;1;1;0;0;0;0;1;0;0;0;1;1;0;1;0;1;0;1;1;0;1;0;0;0;0;0;initial;0
0,010762;0;0;0;1;0;0;1;1;0;0;0;0;0;1;0;0;0;0;0;0;0;0;0;0;0;0;0;1;0;0;0;0;1;0;0;0;initial;0
0,163624;0;1;1;0;1;0;0;1;0;1;0;0;0;0;0;0;0;1;0;0;1;1;1;0;0;1;0;1;0;1;0;0;1;0;0;1;initial;0
0,133726;1;1;1;0;0;0;0;1;1;1;0;0;0;1;0;1;0;0;0;0;1;1;1;0;0;1;0;1;0;0;0;0;1;0;0;0;initial;0
0,131293;1;1;1;1;0;0;0;1;0;1;1;0;0;0;0;0;0;0;1;0;1;1;0;1;0;1;0;1;1;0;1;0;0;0;0;0;initial;0
0,134422;1;1;1;1;0;0;0;1;0;1;0;1;1;0;0;0;1;0;0;0;1;1;0;1;0;1;0;1;1;0;1;0;0;0;0;0;initial;0
0,126900;0;1;1;0;0;1;0;1;0;1;0;0;0;1;0;0;0;1;0;0;1;1;0;1;0;1;0;1;0;0;0;0;1;0;0;0;initial;0
0,138998;0;1;1;0;0;1;0;1;0;1;0;0;0;0;0;0;0;0;0;0;1;1;1;0;0;1;1;1;1;0;0;1;0;0;0;0;initial;0
0,141284;0;1;1;0;0;1;0;1;0;1;1;0;0;1;0;0;0;1;0;0;1;1;0;1;0;1;0;1;0;0;0;0;0;0;0;0;initial;0
0,134963;0;1;1;0;0;1;0;1;0;1;0;0;1;0;0;0;0;0;0;1;1;1;0;1;0;1;0;1;0;0;0;0;0;1;0;0;initial;0
0,174793;0;1;1;0;1;0;0;1;0;1;0;0;1;1;0;0;0;0;0;0;1;1;0;1;1;1;0;1;0;0;0;0;0;0;0;0;initial;0
0,163475;0;1;1;0;1;0;0;1;0;1;1;0;0;0;0;0;1;0;0;1;1;1;1;0;0;1;0;1;0;1;0;0;0;0;0;1;initial;0
0,125932;0;1;1;1;0;0;1;1;0;1;0;1;1;0;0;0;0;1;0;0;1;1;0;1;0;1;0;1;0;0;1;0;0;0;0;0;initial;0
0,146300;0;1;1;0;0;1;0;1;0;1;0;0;1;0;0;0;1;0;0;0;1;1;1;0;0;1;0;1;1;1;0;0;0;0;0;1;initial;0
-0,036026;1;0;0;0;0;0;0;0;0;1;0;0;0;0;0;0;0;0;0;0;1;0;0;1;0;0;0;0;0;1;0;0;0;0;0;0;initial;0
0,147191;1;1;1;0;0;0;0;1;1;1;0;0;0;0;0;0;0;0;1;1;1;1;1;0;0;1;0;1;0;1;0;0;1;0;0;0;initial;0
-0,189558;0;0;0;0;0;0;1;0;0;0;0;0;0;1;0;0;0;0;0;0;1;0;0;0;0;0;0;0;0;0;0;0;0;0;0;0;initial;0
0,163439;0;1;1;0;1;0;0;1;0;1;0;0;0;1;0;0;1;0;0;0;1;1;0;1;0;1;0;1;1;0;0;1;0;0;0;0;initial;0
0,136121;0;1;1;1;0;0;1;1;0;1;0;0;0;0;0;0;0;1;0;0;1;1;1;0;0;1;0;1;0;1;0;1;0;0;0;1;initial;0
0,135518;0;0;0;0;0;1;0;0;0;0;0;0;0;1;0;0;0;1;0;0;1;1;0;0;0;1;0;0;0;0;0;1;0;0;0;0;initial;0
0,132430;0;1;1;0;0;1;0;1;0;1;0;0;0;0;0;1;0;0;0;0;1;1;0;1;0;1;0;1;0;1;0;1;0;0;0;1;initial;0
0,146946;1;1;1;0;0;0;0;1;1;1;0;0;0;1;1;0;0;0;0;0;1;1;0;1;0;1;0;1;0;0;0;1;0;0;0;0;initial;0
0,103533;0;0;1;0;1;0;0;1;0;0;0;0;0;1;0;0;0;0;0;0;0;0;0;0;0;0;0;0;0;0;0;0;0;0;0;0;initial;0
-0,075727;0;0;0;0;1;0;0;0;0;0;0;0;1;0;0;0;0;0;0;0;0;0;1;0;0;1;0;0;0;0;0;0;0;1;0;0;initial;0
0,124630;0;1;1;1;0;0;1;1;0;1;0;0;0;0;0;0;0;0;1;0;1;1;1;0;0;1;0;1;1;0;1;1;0;0;0;0;initial;0
0,139730;0;1;1;0;0;1;0;1;0;1;0;0;1;0;0;0;1;0;0;1;1;1;1;0;0;1;0;1;0;1;0;0;0;0;0;1;initial;0
0,140358;1;1;1;1;0;0;0;1;0;1;0;0;1;0;0;0;0;0;0;0;0;0;1;0;0;1;0;1;1;0;0;0;0;1;0;0;initial;0
0,130760;1;1;1;1;0;0;0;1;0;1;0;1;0;0;0;0;1;0;0;0;1;1;1;0;0;1;0;1;1;0;1;0;1;0;0;0;initial;0
-0,084053;1;0;0;0;0;0;0;0;0;0;1;0;0;0;0;1;0;0;0;0;0;0;0;0;0;0;0;0;0;1;0;0;0;0;0;0;initial;0
0,131981;0;1;1;0;0;1;0;1;0;1;0;0;0;0;0;0;0;0;1;1;1;1;0;1;0;1;0;1;0;0;1;0;1;0;0;0;initial;0
0,127396;0;1;1;0;0;1;0;1;0;1;0;0;0;0;0;1;0;0;0;0;1;1;0;1;0;1;0;1;0;1;0;0;0;0;0;1;crossover;1
0,101813;1;1;1;0;0;0;0;1;0;0;1;1;0;0;0;0;0;0;0;0;0;1;0;1;1;0;0;0;0;0;1;0;0;0;0;0;crossover;1
-0,491034;0;1;0;0;1;0;0;0;1;0;1;0;0;0;0;0;1;0;0;0;1;1;0;0;0;1;0;0;1;0;0;0;0;0;1;0;crossover;1
-0,556002;1;1;0;0;0;1;0;1;0;0;0;0;1;0;0;0;0;1;0;0;0;1;0;1;0;1;0;1;0;1;0;0;0;0;0;1;crossover;1
0,149153;0;1;1;1;0;0;0;1;0;1;0;1;1;0;0;0;1;0;0;0;1;1;0;1;0;1;0;1;1;0;1;0;0;0;0;0;crossover;1
-0,561734;1;1;1;1;0;0;0;1;0;1;1;0;0;1;0;0;0;0;0;0;0;1;0;1;1;0;0;0;0;0;1;0;0;0;0;0;crossover;1
0,159276;0;1;0;0;1;0;0;0;0;0;1;1;0;0;0;0;1;0;0;1;1;1;1;0;0;1;0;1;0;0;0;0;0;0;0;0;crossover;1
-0,562423;1;1;1;0;0;0;0;1;1;1;0;0;0;1;1;0;0;0;0;0;1;1;0;1;0;1;0;1;0;0;0;1;0;0;0;1;crossover;1
0,141498;0;1;1;1;0;0;1;1;0;1;0;0;0;0;0;0;0;0;0;0;1;1;0;1;1;1;0;1;0;1;0;1;0;0;0;0;crossover;1
-0,536648;1;1;1;1;0;0;0;1;0;1;0;0;1;0;0;0;0;0;0;0;1;1;0;1;1;1;0;1;0;1;0;1;0;0;0;1;crossover;1
0,107420;0;1;1;1;0;0;1;1;0;1;0;0;0;0;0;0;0;0;0;0;0;0;1;0;0;1;0;1;1;0;0;0;0;1;0;0;crossover;1
0,141439;0;1;1;1;0;0;0;1;0;1;0;0;0;1;0;0;1;0;0;0;1;1;0;1;0;1;0;1;1;0;0;1;0;0;0;0;crossover;1
-0,571649;0;1;1;0;1;0;1;1;0;1;1;0;0;0;0;0;0;0;0;1;1;1;1;0;0;1;0;1;0;0;0;0;0;1;0;0;crossover;1
0,142998;0;1;1;1;0;0;1;1;0;1;0;0;1;0;1;0;0;0;0;0;1;1;1;0;0;1;0;1;0;1;0;0;0;0;0;0;crossover;1
-0,523443;0;1;1;0;1;0;0;1;0;1;0;0;1;1;0;0;0;0;0;0;1;1;0;1;1;1;0;1;0;0;0;0;0;0;0;1;crossover;1
-0,543587;0;1;1;0;0;1;0;1;0;1;0;0;1;0;0;1;0;0;0;0;1;1;0;1;0;1;0;1;0;1;0;1;0;0;0;1;crossover;1
0,137975;0;1;1;0;0;1;0;1;0;1;0;0;0;0;0;1;0;0;0;0;1;1;1;0;0;0;0;1;0;1;0;0;0;0;0;1;crossover;1
-0,549053;1;1;1;0;0;0;0;1;1;1;0;0;0;0;0;0;0;0;1;1;1;1;1;1;0;1;0;1;0;0;0;1;0;0;0;0;crossover;2
-0,562570;1;1;1;0;0;0;0;1;1;1;0;0;0;1;1;0;0;0;0;0;1;1;0;0;0;1;0;1;0;1;0;0;1;0;0;0;crossover;2
0,141807;0;1;1;1;0;0;1;1;0;1;0;0;0;0;0;0;0;0;0;0;1;0;1;0;0;1;0;0;1;0;1;0;0;0;0;0;crossover;2
-1,433498;0;1;1;0;1;0;0;1;0;0;1;1;0;0;0;0;1;0;0;0;1;1;0;1;1;1;0;1;0;1;0;1;0;0;0;1;crossover;2
-0,558295;0;1;1;1;0;1;0;1;0;1;1;0;0;1;0;0;0;1;0;0;1;1;0;1;0;1;0;1;0;0;0;0;0;0;0;0;crossover;2
0,116908;0;1;1;0;0;0;1;1;0;1;1;1;0;0;0;0;1;0;0;0;1;1;0;1;0;1;0;1;1;0;1;0;0;0;0;0;crossover;2
-0,519179;0;1;1;0;1;0;0;1;0;0;1;1;1;0;0;0;1;0;0;0;1;1;0;1;0;1;0;1;1;0;1;0;0;0;0;0;crossover;2
0,148264;1;1;1;1;0;0;0;1;0;1;0;1;0;0;0;0;1;0;0;0;1;0;1;0;0;1;0;0;1;0;1;0;0;0;0;0;crossover;2
0,152880;0;1;1;0;0;1;0;1;0;1;0;0;1;0;0;0;1;0;0;0;1;1;1;0;0;1;0;1;1;1;0;0;0;0;0;0;crossover;2
-0,568348;0;0;0;0;0;1;0;0;0;0;0;0;0;1;0;0;0;1;0;0;1;1;0;0;0;1;0;0;0;0;0;1;0;0;0;1;crossover;2
0,168679;0;1;1;0;1;0;0;1;0;0;1;1;0;0;0;0;1;0;0;0;1;0;1;0;0;1;0;1;0;0;1;0;0;0;0;0;crossover;3
-0,532247;0;1;1;0;1;0;0;1;0;1;1;1;0;0;0;0;0;1;0;0;1;1;1;0;0;1;0;0;1;0;1;0;0;0;0;0;crossover;3
-0,546553;0;1;0;0;0;1;0;1;0;0;0;0;1;0;0;0;0;1;0;0;0;1;0;1;0;1;0;1;1;1;0;0;0;0;0;0;crossover;3
0,149935;0;1;1;0;0;1;0;1;0;1;0;0;1;0;0;0;1;0;0;0;1;1;1;0;0;1;0;1;0;1;0;0;0;0;0;1;crossover;3
0,166565;0;1;1;0;1;0;0;0;0;0;1;1;0;0;0;0;1;0;0;1;1;1;1;0;0;1;0;1;0;0;0;0;0;0;0;0;crossover;3
0,161343;0;1;0;0;1;0;0;1;0;1;0;0;0;0;0;0;0;1;0;0;1;1;1;0;0;1;0;1;0;1;0;0;1;0;0;1;crossover;3
-0,563315;0;1;1;0;0;0;1;1;0;1;1;1;0;0;0;0;1;0;0;0;1;1;0;1;1;0;0;0;0;0;1;0;0;0;0;0;crossover;3
0,176612;0;1;0;0;1;0;0;0;0;0;1;1;0;0;0;0;0;0;0;0;0;1;0;1;0;1;0;1;1;0;1;0;0;0;0;0;crossover;3
0,144585;0;1;0;0;1;0;0;0;0;0;1;1;0;0;0;0;0;0;0;0;0;1;0;1;1;0;0;0;0;0;0;0;0;0;0;0;crossover;3
0,152627;0;1;0;0;1;0;0;0;0;0;1;1;0;0;0;0;1;0;0;1;1;1;1;0;0;1;0;1;0;0;1;0;0;0;0;0;crossover;3
0,148804;0;1;1;1;0;0;0;1;0;1;0;1;1;0;0;0;1;0;0;0;1;0;1;0;0;1;0;0;1;0;1;0;0;0;0;0;crossover;3
0,178111;0;1;1;0;1;0;0;1;0;0;1;1;0;0;0;0;1;0;0;0;1;1;0;1;0;1;0;1;1;0;1;0;0;0;0;0;crossover;3
-0,529017;0;1;1;0;1;0;0;1;0;1;1;0;0;0;0;0;1;0;0;1;1;1;1;0;0;1;0;1;0;1;0;0;1;0;0;1;crossover;3
0,156229;0;1;1;0;1;0;0;1;0;1;0;0;0;0;0;0;0;1;0;0;1;1;1;0;0;1;0;1;0;1;0;0;0;0;0;1;crossover;3
-0,959704;0;1;0;0;1;0;0;0;0;0;1;1;0;0;0;0;1;0;0;1;1;1;1;1;0;1;0;1;1;0;1;0;0;0;0;0;crossover;4
-0,914652;0;1;1;0;1;0;0;1;0;0;1;1;0;0;0;0;1;0;0;0;1;0;1;0;0;1;0;1;0;1;0;0;0;0;0;1;crossover;4
0,159570;0;1;1;0;1;0;0;1;0;1;1;0;0;0;0;0;1;0;0;1;1;1;1;0;0;1;0;1;0;0;1;0;0;0;0;0;crossover;4
-0,535370;0;1;1;0;1;0;0;1;1;1;0;0;0;1;1;0;0;0;0;0;1;1;0;1;0;1;0;1;0;0;0;1;0;0;0;0;crossover;4
0,144669;1;1;1;0;0;0;0;1;0;0;1;1;0;0;0;0;1;0;0;0;1;1;0;1;0;1;0;1;1;0;1;0;0;0;0;0;crossover;4
-0,546050;0;1;1;0;1;0;0;1;0;1;0;0;0;1;0;0;1;0;0;0;1;1;0;1;0;1;0;1;1;0;0;1;0;0;0;1;crossover;4
0,168290;0;1;0;0;1;0;0;1;0;1;0;0;0;0;0;0;0;1;0;0;1;1;1;0;0;1;0;1;0;1;0;0;1;0;0;0;crossover;4
0,164700;0;1;1;0;1;0;0;1;0;1;1;0;0;0;0;0;1;0;0;1;1;1;1;0;0;1;0;1;0;1;0;0;0;0;0;0;crossover;4
-0,529775;0;1;1;0;1;0;0;1;0;0;1;1;0;0;0;0;1;0;0;0;1;1;0;1;0;1;0;1;1;0;1;0;0;0;0;1;crossover;4
-0,567474;0;1;1;1;0;0;1;1;0;1;0;0;1;0;1;0;1;0;0;0;1;0;1;0;0;1;0;1;0;0;1;0;0;0;0;0;crossover;4
-0,511297;0;1;1;0;1;0;0;1;0;0;1;1;0;0;0;0;0;0;0;0;1;1;1;0;0;1;0;1;0;1;0;0;0;0;0;0;crossover;4
0,155237;0;1;0;0;1;0;0;0;0;0;1;1;0;0;0;0;1;0;0;0;1;1;0;1;0;1;0;1;1;0;1;0;0;0;0;0;crossover;4
0,179857;0;1;1;0;1;0;0;1;0;0;1;1;0;0;0;0;1;0;0;1;1;1;1;0;0;1;0;1;0;0;0;0;0;0;0;0;crossover;4
0,163134;0;1;1;0;1;0;0;0;0;1;0;0;1;1;0;0;0;0;0;0;1;1;0;1;1;1;0;1;0;0;0;0;0;0;0;0;mutation;4
-0,982507;1;1;1;1;1;0;0;1;0;1;0;1;0;0;0;0;1;0;0;0;1;0;1;0;0;1;0;0;1;0;1;0;0;0;0;0;mutation;4
0,168219;0;1;1;0;1;0;0;1;0;0;1;1;0;0;0;0;1;0;0;0;0;1;0;1;0;1;0;1;1;0;1;0;0;0;0;0;crossover;4
0,152927;0;1;0;0;1;0;0;0;0;0;1;1;0;0;0;0;0;0;0;0;1;1;0;1;0;1;0;1;1;0;1;0;0;0;0;0;crossover;4
0,213617;0;1;0;0;0;1;0;1;0;1;0;0;1;0;0;0;1;0;0;0;1;1;1;0;0;1;0;1;1;1;0;0;0;0;0;1;crossover;4
0,168274;0;1;1;0;0;1;0;1;0;0;0;0;1;0;0;0;0;1;0;0;0;1;0;1;0;1;0;1;0;1;0;0;0;0;0;1;crossover;4
0,156534;0;1;1;0;0;1;0;1;0;0;1;1;0;0;0;0;1;0;0;0;1;1;0;1;0;1;0;1;1;0;1;0;0;0;0;0;crossover;5
-0,520583;0;1;1;0;1;0;0;1;0;1;0;0;0;1;0;0;0;0;0;0;0;1;0;1;1;0;0;0;0;0;1;0;0;0;0;0;crossover;5
-0,518743;0;1;0;0;1;0;0;0;0;0;1;1;0;0;0;0;1;0;0;0;1;1;0;1;0;1;0;1;1;0;0;1;0;0;0;0;crossover;5
0,175147;0;1;1;0;1;0;0;0;0;0;1;1;0;0;0;0;0;0;0;0;1;1;0;1;0;1;0;1;1;0;1;0;0;0;0;0;crossover;5
0,169915;0;1;1;0;1;0;0;0;0;0;1;1;0;0;0;0;1;0;0;0;1;1;0;1;0;1;0;1;1;0;1;0;0;0;0;0;crossover;5
-0,512339;0;1;0;0;1;0;0;1;1;1;0;0;0;1;1;0;0;0;0;0;1;1;0;1;0;1;0;1;0;0;0;1;0;0;0;0;crossover;5
0,169115;0;1;1;0;1;0;0;0;0;0;1;1;0;0;0;0;0;0;0;0;0;1;0;1;1;0;0;0;0;0;1;0;0;0;0;0;crossover;5
0,165418;0;1;1;0;1;0;0;1;0;1;1;1;0;0;0;0;1;0;0;0;1;1;0;1;0;1;0;1;1;0;1;0;0;0;0;0;crossover;5
0,185196;0;1;1;0;1;0;0;1;0;0;1;1;0;0;0;0;0;1;0;0;1;1;1;0;0;1;0;1;0;0;1;0;0;0;0;0;crossover;5
-0,547572;0;1;1;0;0;1;0;1;0;1;0;0;1;0;0;0;1;0;0;0;1;1;1;0;0;1;0;1;0;1;0;0;1;0;0;1;crossover;5
-0,545826;0;1;0;0;1;0;0;1;0;1;0;0;0;0;0;0;0;1;0;0;1;1;1;0;0;1;0;1;1;1;0;0;0;0;0;0;crossover;5
0,171068;0;1;0;0;0;1;0;1;0;1;0;0;1;0;0;0;1;0;0;0;1;1;1;0;0;1;0;1;0;1;0;0;0;0;0;1;crossover;5
-0,524511;0;1;0;0;0;1;0;1;0;0;0;0;1;0;0;0;0;1;0;0;0;1;0;1;0;1;0;1;1;1;0;0;0;0;0;1;crossover;5
-0,502770;0;1;1;0;1;0;0;1;0;0;1;0;1;1;0;0;0;0;0;0;1;1;0;1;1;1;0;1;0;0;0;0;0;0;0;0;crossover;6
0,148488;0;1;1;0;1;0;0;1;0;1;0;1;0;0;0;0;1;0;0;0;0;1;0;1;0;1;0;1;1;0;1;0;0;0;0;0;crossover;6
-0,927486;0;1;1;0;1;0;0;1;0;0;1;1;0;0;0;0;1;0;0;1;1;1;0;1;1;1;0;1;0;0;0;0;0;0;0;0;crossover;6
0,180853;0;1;1;0;1;0;0;1;0;1;0;0;1;1;0;0;0;0;0;0;1;1;1;0;0;1;0;1;0;0;0;0;0;0;0;0;crossover;6
0,159304;0;1;1;0;1;0;0;1;0;1;1;0;0;0;0;0;1;0;0;0;1;1;0;1;0;1;0;1;1;0;1;0;0;0;0;0;crossover;6
-0,519021;0;1;1;0;1;0;0;1;0;0;1;1;0;0;0;0;1;0;0;1;1;1;1;0;0;1;0;1;0;1;0;0;0;0;0;0;crossover;6
0,161531;0;1;1;0;1;0;0;1;0;1;0;1;0;0;0;0;1;0;0;0;0;1;0;1;0;1;0;1;0;0;1;0;0;0;0;0;crossover;7
0,185395;0;1;1;0;1;0;0;0;0;0;1;1;0;0;0;0;1;0;0;0;1;1;0;1;0;1;0;0;0;0;1;0;0;0;0;0;crossover;7
-0,541794;0;1;0;0;1;0;0;0;0;0;1;1;0;0;0;0;0;0;0;0;0;1;0;1;1;0;0;1;1;0;1;0;0;0;0;0;crossover;7
0,159167;0;1;0;0;0;1;0;1;0;0;0;0;1;0;0;0;1;0;0;0;1;1;1;0;0;1;0;1;1;1;0;0;0;0;0;1;crossover;7
0,160544;0;1;0;0;0;1;0;1;0;1;0;0;1;0;0;0;0;1;0;0;0;1;0;1;0;1;0;1;0;1;0;0;0;0;0;1;crossover;7
-0,521302;0;1;1;0;1;0;0;1;0;1;0;0;1;1;0;0;0;0;0;0;1;1;0;1;0;1;0;1;1;0;1;0;0;0;0;0;crossover;7
0,196371;0;1;1;0;1;0;0;0;0;0;1;1;0;0;0;0;0;0;0;0;1;1;1;0;0;1;0;1;0;0;0;0;0;0;0;0;crossover;7
0,177417;0;1;1;0;1;0;0;0;0;0;1;1;0;0;0;0;0;0;0;0;1;1;1;0;0;1;0;1;1;0;1;0;0;0;0;0;crossover;8
0,142106;0;1;1;0;1;0;0;0;0;0;1;1;0;0;0;0;0;0;0;0;1;1;0;1;0;1;0;1;0;0;0;0;0;0;0;0;crossover;8
0,148728;0;1;0;0;0;1;0;0;0;0;1;1;0;0;0;0;0;0;0;0;1;1;0;1;0;1;0;1;1;0;1;0;0;0;0;0;crossover;8
0,161665;0;1;1;0;1;0;0;1;0;1;0;0;1;0;0;0;1;0;0;0;1;1;1;0;0;1;0;1;1;1;0;0;0;0;0;1;crossover;8
-0,938413;0;1;1;0;1;0;0;1;0;0;1;1;0;0;0;0;1;0;0;0;1;1;0;1;0;1;0;1;1;1;0;0;0;0;0;1;crossover;8
0,168517;0;1;0;0;0;1;0;1;0;1;0;0;1;0;0;0;1;0;0;0;1;1;1;0;0;1;0;1;1;0;1;0;0;0;0;0;crossover;8
-0,506658;0;1;0;0;1;0;0;0;0;0;1;1;0;1;0;0;0;0;0;0;1;1;0;1;1;1;0;1;0;0;0;0;0;0;0;0;crossover;8
0,167008;0;1;1;0;1;0;0;1;0;1;0;0;1;0;0;0;0;0;0;0;0;1;0;1;0;1;0;1;1;0;1;0;0;0;0;0;crossover;8
0,180808;0;1;1;0;1;0;0;1;0;0;1;1;0;0;0;0;0;0;0;0;0;1;0;1;1;0;0;0;0;0;1;0;0;0;0;0;crossover;8
0,168235;0;1;0;0;0;1;0;1;0;0;1;1;0;0;0;0;1;0;0;0;0;1;0;1;0;1;0;1;1;0;1;0;0;0;0;0;crossover;9
-0,936009;0;1;1;0;1;0;0;1;0;0;1;1;0;0;0;0;1;0;0;0;1;1;1;0;0;1;0;1;1;1;0;0;0;0;0;1;crossover;9
0,159695;0;1;0;0;0;1;0;1;0;1;0;0;1;0;0;0;1;0;0;0;0;1;0;1;0;1;0;1;1;0;1;0;0;0;0;0;crossover;9
-0,518840;0;1;1;0;1;0;0;1;0;1;0;0;1;1;0;0;0;0;0;0;0;1;0;1;1;0;0;0;0;0;1;0;0;0;0;0;crossover;9
-0,521207;0;1;1;0;1;0;0;1;0;1;0;0;1;1;0;0;0;0;0;0;1;1;0;1;1;0;0;0;0;0;1;0;0;0;0;0;crossover;9
0,196787;0;1;0;0;1;0;0;0;0;0;1;1;0;0;0;0;0;0;0;0;0;1;1;0;0;1;0;1;0;0;0;0;0;0;0;0;crossover;9
-0,541873;0;1;1;0;1;0;0;1;0;0;1;1;0;0;0;0;1;0;0;1;1;1;1;0;0;1;0;1;1;0;1;0;0;0;0;0;crossover;9
0,171973;0;1;0;0;1;0;0;0;0;0;1;1;0;0;0;0;0;0;0;0;1;1;1;0;0;1;0;1;0;0;1;0;0;0;0;0;crossover;10
0,191607;0;1;1;0;1;0;0;1;0;0;1;1;0;0;0;0;1;0;0;0;1;1;1;0;0;1;0;1;0;0;0;0;0;0;0;0;crossover;10
0,199533;0;1;1;0;1;0;0;0;0;0;1;1;0;0;0;0;0;0;0;0;1;0;1;0;0;1;0;0;1;0;1;0;0;0;0;0;crossover;10
-0,941858;0;1;1;0;1;0;0;0;0;0;1;1;0;0;0;0;1;0;0;0;1;1;1;0;0;1;0;1;1;1;0;0;0;0;0;1;crossover;10
0,180419;0;1;0;0;0;1;0;1;0;1;0;0;1;0;0;0;0;0;0;0;1;1;1;0;0;1;0;1;0;0;0;0;0;0;0;0;crossover;10
0,185724;0;1;1;0;1;0;0;1;0;0;1;1;0;0;0;0;1;0;0;0;1;1;0;1;0;1;0;0;0;0;1;0;0;0;0;0;crossover;10
0,166734;0;1;0;0;0;1;0;1;0;1;0;0;0;0;0;0;0;0;0;0;0;1;1;0;0;1;0;1;0;0;0;0;0;0;0;0;crossover;10
-1,204120;0;1;0;0;1;0;0;0;0;0;1;1;1;0;0;0;1;0;0;0;1;1;1;0;0;1;0;1;0;1;0;0;0;0;0;1;crossover;10
0,189685;0;1;1;0;1;0;0;1;0;0;1;1;0;0;0;0;0;0;0;0;0;1;1;0;0;1;0;1;0;0;0;0;0;0;0;0;crossover;10
0,161836;0;1;1;0;1;0;0;1;0;0;0;0;1;0;0;0;0;1;0;0;0;1;0;1;0;1;0;1;0;1;0;0;0;0;0;1;crossover;11
0,159480;0;1;0;0;0;1;0;1;0;1;0;1;0;0;0;0;1;0;0;0;1;1;1;0;0;1;0;1;0;0;0;0;0;0;0;0;crossover;11
-0,520802;0;1;1;0;1;0;0;1;0;0;1;0;1;0;0;0;1;0;0;0;1;1;1;0;0;1;0;1;1;1;0;0;0;0;0;1;crossover;11
0,171775;0;1;0;0;0;1;0;1;0;0;1;1;0;0;0;0;1;0;0;0;1;1;0;1;0;1;0;0;0;0;1;0;0;0;0;0;crossover;11
0,165155;0;1;0;0;0;1;0;1;0;0;0;1;0;0;0;0;0;0;0;0;0;1;0;1;1;0;0;0;0;0;1;0;0;0;0;0;crossover;11
-0,520114;0;1;0;0;1;0;0;0;0;0;1;0;1;0;0;0;0;1;0;0;0;1;0;1;0;1;0;1;0;1;0;0;0;0;0;1;crossover;11
-0,940810;0;1;0;0;1;0;0;0;0;0;1;1;0;0;0;0;0;0;0;0;0;1;0;1;0;1;1;0;0;0;1;0;0;0;0;0;mutation;11
-0,514327;0;1;1;0;1;0;0;1;0;0;1;1;0;0;0;0;1;0;0;0;1;1;0;1;0;1;0;1;1;0;1;0;1;0;0;0;mutation;11
0,166099;0;1;0;0;1;0;0;0;0;0;1;1;0;0;0;0;0;0;0;0;0;1;1;0;0;1;0;1;1;0;1;0;0;0;0;0;crossover;11
-0,513490;0;1;0;0;1;0;0;0;0;0;1;1;0;0;0;0;0;0;0;0;1;0;1;0;0;1;0;0;1;0;1;0;0;0;0;1;mutation;12
-0,547133;0;1;1;0;1;0;0;0;0;0;1;1;0;0;1;0;0;0;0;0;0;1;0;1;0;1;0;1;1;0;1;0;0;0;0;0;mutation;12
0,184585;0;1;1;0;1;0;0;0;0;0;1;1;0;0;0;0;0;0;0;0;1;1;1;0;0;1;0;1;0;0;1;0;0;0;0;0;crossover;12
0,183029;0;1;1;0;1;0;0;1;0;0;1;1;0;0;0;0;0;1;0;0;1;1;1;0;0;1;0;1;0;0;0;0;0;0;0;0;crossover;12
0,165928;0;1;0;0;0;1;0;1;0;0;0;0;1;0;0;0;0;1;0;0;0;1;0;1;0;1;0;1;0;1;0;0;0;0;0;0;crossover;12
-0,533122;0;1;1;0;1;0;0;1;0;0;1;1;0;0;0;0;0;0;0;0;0;1;1;0;0;1;0;1;0;0;0;0;0;0;0;1;crossover;12
-0,934260;0;1;0;0;1;0;0;0;0;0;1;1;0;0;0;0;0;0;0;0;0;1;1;0;0;1;0;1;1;1;0;0;0;0;0;1;crossover;12
0,158640;0;1;0;0;0;1;0;1;0;1;0;0;1;0;0;0;1;0;0;0;1;1;1;0;0;1;0;1;0;0;0;0;0;0;0;0;crossover;12
0,192978;0;1;1;0;1;0;0;1;0;0;1;1;0;0;0;0;0;0;0;0;1;1;1;0;0;1;0;1;0;0;1;0;0;0;0;0;crossover;12
0,166104;0;1;1;0;1;0;0;0;0;0;1;1;0;0;0;0;0;0;0;0;1;0;1;0;0;1;0;0;0;0;1;0;0;0;0;0;crossover;12
-0,492323;0;1;0;0;1;0;0;0;0;0;1;1;0;0;0;0;0;0;0;0;0;1;0;1;1;0;0;0;1;0;1;0;0;0;0;0;crossover;12
0,171063;0;1;1;0;1;0;0;0;0;0;1;1;0;0;0;0;1;0;0;0;1;1;1;0;0;1;0;1;0;0;0;0;0;0;0;0;crossover;12
0,173419;0;1;1;0;1;0;0;1;0;0;1;1;0;0;0;0;0;0;0;0;0;1;0;1;1;1;0;0;0;0;1;0;0;0;0;0;crossover;13
0,188620;0;1;1;0;1;0;0;0;0;0;1;1;0;0;0;0;1;0;0;0;1;0;1;0;0;1;0;0;1;0;1;0;0;0;0;0;crossover;13
0,178863;0;1;1;0;1;0;0;1;0;0;1;1;0;0;0;0;0;0;0;0;1;1;0;1;0;1;0;1;1;0;1;0;0;0;0;0;crossover;13
0,200265;0;1;0;0;1;0;0;1;0;0;0;0;1;0;0;0;0;1;0;0;0;1;0;1;0;1;0;1;0;1;0;0;0;0;0;1;crossover;13
0,168651;0;1;0;0;0;1;0;0;0;0;1;1;0;0;0;0;0;0;0;0;0;1;1;0;0;1;0;1;0;0;0;0;0;0;0;0;crossover;13
0,201206;0;1;0;0;1;0;0;1;0;0;1;1;0;0;0;0;0;0;0;0;0;1;0;1;1;0;0;0;0;0;1;0;0;0;0;0;crossover;13
-1,211766;0;1;0;0;1;0;0;0;0;0;1;1;1;0;0;0;0;1;0;0;0;1;0;1;0;1;0;1;0;1;0;0;0;0;0;1;crossover;13
0,182439;0;1;0;0;0;1;0;1;0;0;0;0;0;0;0;0;0;0;0;0;0;1;0;1;1;0;0;0;0;0;1;0;0;0;0;0;crossover;13
-0,907306;0;1;0;0;1;0;0;1;0;0;1;1;0;0;0;0;0;0;0;0;0;1;0;1;0;1;0;1;0;1;0;0;0;0;0;1;crossover;14
-0,490210;0;1;0;0;1;0;0;1;0;0;0;0;1;0;0;0;0;1;0;0;0;1;0;1;1;0;0;0;0;0;1;0;0;0;0;0;crossover;14
0,176571;0;1;0;0;1;0;0;1;0;0;1;1;0;0;0;0;0;1;0;0;1;1;1;0;0;1;0;1;0;0;1;0;0;0;0;0;crossover;14
0,194289;0;1;1;0;1;0;0;0;0;0;1;1;0;0;0;0;0;0;0;0;1;1;0;1;0;1;0;0;0;0;1;0;0;0;0;0;crossover;14
0,170832;0;1;0;0;0;1;0;1;0;1;0;0;1;0;0;0;1;0;0;0;1;1;0;1;0;1;0;0;0;0;1;0;0;0;0;0;crossover;14
-0,515024;0;1;1;0;1;0;0;1;0;0;1;1;0;0;0;0;1;0;0;0;0;1;0;1;1;0;0;0;0;0;1;0;0;0;0;0;crossover;14
0,173665;0;1;0;0;0;1;0;1;0;0;0;0;0;0;0;0;0;0;0;0;1;1;0;1;0;1;0;0;0;0;1;0;0;0;0;0;crossover;14
0,179117;0;1;1;0;1;0;0;1;0;0;1;1;0;0;0;0;0;0;0;0;1;1;1;0;0;1;0;1;0;0;0;0;0;0;0;0;crossover;14
0,175816;0;1;1;0;1;0;0;1;0;1;0;0;1;1;0;0;0;0;0;1;1;1;1;0;0;1;0;1;0;0;0;0;0;0;0;0;crossover;15
0,167773;0;1;0;0;1;0;0;0;0;0;1;1;0;0;0;0;0;0;0;0;1;0;1;0;0;1;0;0;1;0;1;0;0;0;0;0;crossover;15
-1,220974;0;1;1;0;1;0;0;1;0;0;0;0;1;0;0;1;0;1;0;0;0;1;0;1;0;1;0;0;0;1;1;0;1;0;0;0;diversification;15
-0,552501;0;1;0;1;1;0;0;0;0;0;0;1;1;0;0;0;0;0;0;0;0;1;0;1;1;1;0;0;0;0;0;0;0;0;0;0;diversification;15
0,110313;0;0;0;0;0;1;0;1;0;1;0;0;0;0;0;0;0;0;0;0;0;1;0;1;0;1;0;1;0;0;0;0;0;0;0;0;diversification;15
0,192514;0;1;1;0;1;0;0;1;0;0;1;1;0;0;0;0;0;0;0;0;1;0;1;0;0;1;0;0;1;0;1;0;0;0;0;0;crossover;15
-0,522963;0;1;1;0;1;0;0;0;0;0;1;1;0;0;0;0;1;0;0;0;0;1;0;1;1;0;0;0;0;0;1;0;0;0;0;0;crossover;15
-1,201133;0;1;0;0;1;0;0;1;0;0;0;0;1;0;0;1;0;0;0;0;0;1;1;1;1;0;0;0;0;0;1;0;1;0;0;0;diversification;15
-1,006393;0;0;0;0;0;1;0;1;0;0;0;0;0;0;0;0;1;0;1;0;0;1;0;1;0;0;0;1;0;1;0;0;0;0;0;1;diversification;15
0,112722;0;0;1;0;1;0;0;0;0;1;0;0;1;0;0;0;0;0;0;0;0;1;0;0;0;1;0;1;0;0;0;0;0;0;0;0;diversification;15
0,155790;0;1;0;0;0;1;0;1;0;1;0;0;1;0;0;0;1;0;0;0;1;1;1;0;0;1;0;1;0;0;1;0;0;0;0;0;crossover;15
-0,038482;0;1;0;0;0;0;0;0;0;0;0;1;0;0;0;0;0;0;0;0;0;1;0;1;1;0;0;0;0;0;0;0;0;0;0;0;diversification;15
-0,561919;0;1;0;0;1;0;0;0;0;0;0;0;0;0;0;0;1;0;0;0;0;0;0;0;1;0;0;0;0;0;1;0;0;0;0;0;diversification;15
-0,924079;0;1;1;0;1;0;0;1;0;0;1;1;0;0;0;0;0;0;0;0;1;1;1;0;0;1;0;1;1;1;0;0;0;0;0;1;crossover;15
0,095383;0;0;0;0;0;1;0;0;0;0;0;0;1;0;0;0;0;1;0;0;1;0;1;0;0;1;0;1;0;0;0;0;0;0;0;0;diversification;15
-1,217928;0;1;0;0;1;0;0;0;0;0;1;1;0;0;0;0;1;0;1;0;1;1;1;0;0;1;0;1;0;0;0;0;1;0;0;0;diversification;15
-1,778937;0;1;1;0;1;0;0;0;1;1;1;1;0;0;0;0;0;0;0;0;1;1;1;0;0;1;0;0;1;0;1;0;0;1;1;0;diversification;15
-0,511885;0;1;1;0;1;0;0;1;0;0;1;1;0;0;0;0;0;1;0;0;1;1;1;0;0;1;0;1;0;0;0;0;0;0;0;1;crossover;16
0,184885;0;1;0;0;1;0;0;0;0;0;1;1;0;0;0;0;0;0;0;0;1;1;1;0;0;1;0;1;0;0;0;0;0;0;0;0;crossover;16
-0,916486;0;1;1;0;1;0;0;0;0;0;1;1;0;0;0;0;0;0;0;0;1;1;1;0;0;1;0;1;0;1;0;0;0;0;0;1;crossover;16
0,184316;0;1;0;0;0;1;0;1;0;0;0;0;1;0;0;0;0;1;0;0;0;1;0;1;0;1;0;1;0;0;0;0;0;0;0;0;crossover;16
0,164334;0;1;1;0;1;0;0;0;0;0;1;1;0;0;0;0;1;0;0;0;1;0;1;0;0;1;0;0;1;0;0;0;0;0;0;0;crossover;16
0,170816;0;1;1;0;1;0;0;1;0;0;1;1;0;0;0;0;1;0;0;0;1;1;1;0;0;1;0;1;0;0;1;0;0;0;0;0;crossover;16
-0,515845;0;1;1;0;1;0;0;1;0;0;1;1;0;0;0;0;0;0;0;0;1;0;1;0;1;1;0;0;1;0;1;0;0;0;0;0;mutation;16
-0,516638;0;1;0;0;1;0;0;0;0;0;1;1;0;0;0;0;0;0;0;0;0;1;0;1;1;0;0;0;0;0;1;0;0;0;0;1;mutation;16
0,224873;0;1;1;0;1;0;0;1;0;0;1;1;0;0;0;0;0;0;0;0;1;0;1;0;0;1;0;0;0;0;0;0;0;0;0;0;crossover;16
0,179583;0;1;1;0;1;0;0;1;0;0;1;1;0;0;0;0;0;0;0;0;1;1;1;0;0;1;0;1;1;0;1;0;0;0;0;0;crossover;16
0,150283;0;1;1;0;1;0;0;0;0;0;1;1;0;0;0;0;1;0;0;0;0;1;1;0;0;1;0;1;0;0;0;0;0;0;0;0;crossover;16
0,175638;0;1;0;0;0;1;0;1;0;1;0;0;1;0;0;0;1;0;0;0;1;0;1;0;0;1;0;0;1;0;1;0;0;0;0;0;crossover;17
0,228781;0;1;0;0;1;0;0;1;0;0;1;1;0;0;0;0;0;0;0;0;0;1;0;1;1;0;0;0;0;0;0;0;0;0;0;0;crossover;17
0,176233;0;1;1;0;1;0;0;1;0;0;1;1;0;0;0;0;0;0;0;0;0;1;1;0;0;1;0;1;0;0;1;0;0;0;0;0;crossover;17
-0,522305;0;1;1;0;1;0;0;1;0;0;1;1;0;0;0;0;0;0;0;0;1;1;1;0;0;1;0;1;1;0;1;0;0;0;0;1;crossover;17
0,201308;0;1;0;0;1;0;0;1;0;0;0;0;1;0;0;0;0;1;0;0;0;1;0;1;0;1;0;1;0;1;0;0;0;0;0;0;crossover;17
-0,539348;0;1;1;0;1;1;0;1;0;0;0;0;1;0;0;0;0;1;0;0;0;1;0;1;0;1;0;1;0;1;0;0;0;0;0;1;crossover;17
0,012015;0;1;0;0;0;0;0;1;0;0;1;1;0;0;0;0;0;0;0;0;0;1;1;0;0;1;0;1;0;0;0;0;0;0;0;0;crossover;17
0,193809;0;1;1;0;1;0;0;0;0;0;1;1;0;0;0;0;0;0;0;0;1;1;0;1;1;0;0;0;0;0;1;0;0;0;0;0;crossover;17
0,183172;0;1;0;0;0;1;0;1;0;0;0;0;0;0;0;0;0;0;0;0;0;1;1;0;0;1;0;1;0;0;0;0;0;0;0;0;crossover;17
0,178592;0;1;0;0;1;0;0;0;0;0;1;1;0;0;0;0;0;0;0;0;0;1;1;0;0;1;0;1;0;0;1;0;0;0;0;0;mutation;18
0,213858;0;1;0;0;1;0;0;1;0;0;1;1;0;0;0;0;0;0;0;0;0;1;1;0;0;1;0;1;0;0;0;0;0;0;0;0;crossover;18
0,191880;0;1;1;0;1;0;0;1;0;0;1;1;0;0;0;0;0;0;0;0;0;1;0;1;1;0;0;0;0;0;0;0;0;0;0;0;crossover;18
0,173073;0;1;0;0;1;0;0;1;0;0;0;0;1;0;0;0;0;1;0;0;0;1;0;1;0;1;0;1;0;0;1;0;0;0;0;0;crossover;18
-0,905908;0;1;0;0;1;0;0;1;0;0;1;1;0;0;0;0;0;0;0;0;0;1;0;1;1;0;0;0;0;1;0;0;0;0;0;1;crossover;18
-0,495600;0;1;1;0;1;0;0;1;0;0;1;1;0;0;0;0;0;0;0;0;1;1;1;1;1;0;0;0;0;0;1;0;0;0;0;0;crossover;18
0,177293;0;1;0;0;1;0;0;0;0;0;1;1;0;0;0;0;0;0;0;0;0;1;0;0;0;1;0;1;0;0;1;0;0;0;0;0;crossover;18
0,154374;0;1;1;0;1;0;0;0;0;0;1;1;0;0;0;0;0;0;0;0;1;0;1;0;0;1;0;0;0;0;0;0;0;0;0;0;crossover;18
0,217843;0;1;0;0;1;0;0;1;0;0;1;1;0;0;0;0;0;0;0;0;0;1;0;0;0;1;0;1;0;0;0;0;0;0;0;0;crossover;19
-0,927802;0;1;1;0;1;0;0;0;0;0;1;1;0;0;0;0;1;0;0;0;1;0;1;0;0;1;0;1;1;1;0;0;0;0;0;1;crossover;19
0,156439;0;1;0;0;0;1;0;1;0;1;0;0;1;0;0;0;1;0;0;0;1;1;1;0;0;1;0;0;1;0;1;0;0;0;0;0;crossover;19
0,187346;0;1;0;0;1;0;0;0;0;0;1;1;0;0;0;0;1;0;0;0;1;1;0;1;0;1;0;0;0;0;1;0;0;0;0;0;crossover;19
0,206189;0;1;0;0;1;0;0;1;0;0;1;1;0;0;0;0;0;0;0;0;1;0;1;0;0;1;0;0;1;0;1;0;0;0;0;0;crossover;19
0,085290;0;1;0;0;0;0;0;1;0;0;1;1;0;0;0;0;1;0;0;0;1;1;0;1;0;1;0;0;0;0;1;0;0;0;0;0;crossover;19
-0,520665;0;1;1;0;1;1;0;1;0;1;0;0;1;0;0;0;1;0;0;0;1;1;1;0;0;1;0;1;1;1;0;0;0;0;0;1;crossover;19
-0,922582;0;1;0;0;1;0;0;0;0;0;1;1;0;0;0;0;0;0;0;0;0;1;0;1;0;1;0;1;1;1;0;0;0;0;0;1;crossover;19
-0,512044;0;1;0;0;0;1;0;1;0;1;0;0;1;0;0;0;1;0;0;0;1;1;1;0;1;0;0;0;0;0;1;0;0;0;0;0;crossover;19
0,189319;0;1;0;0;1;0;0;1;0;0;0;0;1;0;0;0;1;0;0;0;1;1;1;0;0;1;0;1;1;1;0;0;0;0;0;1;crossover;19
0,186239;0;1;0;0;1;0;0;0;0;0;1;1;0;0;0;0;0;0;0;0;1;1;0;1;0;1;0;0;0;0;1;0;0;0;0;0;crossover;20
0,201989;0;1;0;0;1;0;0;0;0;0;1;1;0;0;0;0;0;0;0;0;1;0;1;0;0;1;0;0;0;0;0;0;0;0;0;0;crossover;20
-0,522437;0;1;0;0;0;1;0;1;0;1;0;0;1;0;0;0;1;0;0;0;0;1;0;1;1;0;0;0;0;0;1;0;0;0;0;0;crossover;21
0,194282;0;1;0;0;1;0;0;0;0;0;1;1;0;0;0;0;0;0;0;0;1;1;0;1;0;1;0;1;0;0;0;0;0;0;0;0;crossover;21
0,200118;0;1;0;0;1;0;0;0;0;0;1;1;0;0;0;0;0;0;0;0;0;1;1;0;0;1;0;0;0;0;1;0;0;0;0;0;crossover;21
0,167286;0;1;0;0;0;1;0;1;0;1;0;0;1;0;0;0;0;0;0;0;0;1;1;0;0;1;0;0;0;0;1;0;0;0;0;0;crossover;22
-0,952197;0;1;0;0;1;0;0;0;0;0;1;1;0;0;0;0;1;0;0;0;1;1;1;0;0;1;0;1;1;1;0;0;0;0;0;1;crossover;22
-0,504773;0;1;0;0;1;0;0;0;0;0;1;1;0;0;0;0;0;0;0;0;0;1;1;0;0;1;0;1;0;0;0;0;0;0;0;1;crossover;22
0,170207;0;1;0;0;0;1;0;1;0;1;0;0;1;0;0;0;1;0;0;0;1;1;1;0;0;1;0;1;1;1;0;0;0;0;0;0;crossover;22
0,240790;0;1;0;0;1;0;0;1;0;0;1;1;0;0;0;0;0;0;0;0;1;0;1;0;0;1;0;0;0;0;0;0;0;0;0;0;crossover;23
-0,488730;0;1;1;0;1;0;0;1;0;0;1;1;0;0;0;0;0;0;0;0;1;0;1;0;0;1;0;0;0;0;0;0;0;0;0;1;crossover;23
0,183872;0;1;0;0;1;0;0;0;0;0;1;1;0;0;0;0;0;0;0;0;0;1;0;0;0;1;0;1;0;0;0;0;0;0;0;0;crossover;23
-1,205178;0;1;0;0;1;0;0;1;0;0;1;1;0;0;0;0;0;0;0;0;0;1;0;1;1;0;0;0;1;1;0;0;0;0;0;1;crossover;24
-0,486113;0;1;0;0;1;0;0;0;0;0;1;1;0;0;0;0;0;0;0;0;1;0;1;0;0;1;0;0;0;1;0;0;0;0;0;0;mutation;24
0,225925;0;1;0;0;1;0;0;1;0;0;1;1;0;0;0;0;0;0;0;0;0;0;0;0;0;1;0;1;0;0;0;0;0;0;0;0;mutation;24
-0,486938;0;1;0;0;1;0;0;0;0;0;1;1;0;0;0;0;0;0;0;0;1;0;1;0;0;1;0;0;0;0;0;0;0;0;0;1;crossover;24
0,188856;0;1;1;0;1;0;0;1;0;0;1;1;0;0;0;0;0;0;0;0;0;0;0;0;0;1;0;1;0;0;0;0;0;0;0;0;crossover;25
0,203916;0;1;1;0;1;0;0;1;0;0;1;1;0;0;0;0;0;0;0;0;1;0;1;0;0;1;0;1;0;0;0;0;0;0;0;0;crossover;25
0,263563;0;1;0;0;1;0;0;1;0;0;1;1;0;0;0;0;0;0;0;0;0;1;0;0;0;1;0;0;0;0;0;0;0;0;0;0;crossover;25
0,225274;0;1;0;0;1;0;0;1;0;0;1;1;0;0;0;0;0;0;0;0;1;0;1;0;0;1;0;0;0;0;1;0;0;0;0;0;crossover;25
-0,849450;0;1;0;0;1;0;0;1;0;0;1;1;0;0;0;0;0;0;0;0;1;1;1;0;0;1;0;1;1;1;0;0;0;0;0;1;crossover;25
-0,500145;0;1;0;0;0;1;0;1;0;1;0;0;1;0;0;0;1;0;0;0;0;1;0;1;1;0;0;0;0;0;0;0;0;0;0;0;crossover;25
0,201218;0;1;0;0;1;0;0;1;0;0;1;1;0;0;0;0;0;0;0;0;1;1;1;0;0;1;0;1;0;0;0;0;0;0;0;0;crossover;25
0,160263;0;1;1;0;1;0;0;0;0;0;1;1;0;0;0;0;0;0;0;0;0;1;1;0;0;1;0;1;0;0;0;0;0;0;0;0;crossover;25
-0,471919;0;1;0;0;1;0;0;1;0;0;1;1;0;0;0;0;0;0;0;0;0;1;1;0;0;1;0;1;0;0;0;1;0;0;0;0;mutation;25
0,218115;0;1;0;0;1;0;0;1;0;0;1;1;0;0;0;0;0;0;0;0;0;0;1;0;0;1;0;1;0;0;0;0;0;0;0;0;mutation;25
0,235204;0;1;0;0;1;0;0;1;0;0;1;1;0;0;0;0;0;0;0;0;1;0;1;0;0;1;0;1;0;0;0;0;0;0;0;0;crossover;25
-0,501448;0;1;0;0;1;0;0;0;0;0;1;1;0;0;0;0;0;0;0;0;0;1;1;0;0;1;0;0;0;0;1;0;0;0;0;1;crossover;25
0,133275;0;1;1;0;1;0;0;0;0;0;1;1;0;0;0;0;0;0;0;0;1;0;1;0;0;1;0;0;1;0;0;0;0;0;0;0;crossover;26
0,158494;0;1;1;0;1;0;0;0;0;0;1;1;0;0;0;0;0;0;0;0;0;1;0;0;0;1;0;1;0;0;0;0;0;0;0;0;crossover;26
0,191717;0;1;0;0;1;0;0;1;0;0;1;1;0;0;0;0;0;0;0;0;1;1;0;1;1;0;0;0;0;0;1;0;0;0;0;0;crossover;26
0,192170;0;1;0;0;1;0;0;1;0;0;1;1;0;0;0;0;0;0;0;0;1;1;1;0;0;1;0;1;0;0;1;0;0;0;0;0;crossover;26
0,209643;0;1;1;0;1;0;0;1;0;0;1;1;0;0;0;0;0;0;0;0;0;1;0;0;0;1;0;0;0;0;0;0;0;0;0;0;crossover;26
0,182901;0;1;1;0;1;0;0;0;0;0;1;1;0;0;0;0;0;0;0;0;1;1;1;0;0;1;0;0;1;0;1;0;0;0;0;0;crossover;26
0,202026;0;1;0;0;1;0;0;1;0;0;1;1;0;0;0;0;0;0;0;0;0;1;0;1;1;0;0;1;0;0;0;0;0;0;0;0;crossover;27
0,230286;0;1;0;0;1;0;0;0;0;0;1;1;0;0;0;0;0;0;0;0;0;1;1;0;0;1;0;0;0;0;0;0;0;0;0;0;crossover;27
0,208248;0;1;0;0;1;0;0;1;0;0;1;1;0;0;0;0;0;0;0;0;0;1;0;0;0;1;0;1;0;0;1;0;0;0;0;0;crossover;27
0,206716;0;1;1;0;1;0;0;1;0;0;1;1;0;0;0;0;0;0;0;0;1;0;1;0;0;1;0;0;0;0;1;0;0;0;0;0;crossover;28
-0,922288;0;1;0;0;1;0;0;1;0;0;1;1;0;0;0;0;1;0;0;0;1;1;1;0;0;1;0;1;1;1;0;0;0;0;0;1;crossover;28
0,180614;0;1;0;0;0;1;0;1;0;1;0;0;1;0;0;0;0;0;0;0;1;0;1;0;0;1;0;0;0;0;0;0;0;0;0;0;crossover;28
-0,527236;0;1;0;0;1;0;0;1;0;0;1;1;0;0;0;0;0;1;0;0;0;1;0;1;0;1;0;1;0;1;0;0;0;0;0;0;crossover;28
0,219056;0;1;0;0;1;0;0;1;0;0;0;0;1;0;0;0;0;0;0;0;0;1;0;0;0;1;0;1;0;0;1;0;0;0;0;0;crossover;28
-0,490169;0;1;0;0;1;0;0;1;0;0;1;1;0;0;0;0;0;0;0;0;1;0;1;0;0;1;0;0;0;0;1;0;1;0;0;0;mutation;29
-0,482587;0;1;0;0;1;0;0;1;0;0;1;1;1;0;0;0;0;0;0;0;1;1;1;0;0;1;0;1;0;0;0;0;0;0;0;0;mutation;29
0,212267;0;1;1;0;1;0;0;1;0;0;1;1;0;0;0;0;0;0;0;0;0;1;0;0;0;1;0;1;0;0;0;0;0;0;0;0;crossover;29
0,135836;0;1;0;0;1;0;0;0;0;0;1;1;0;0;0;0;0;0;0;0;0;0;0;0;0;1;0;1;0;0;0;0;0;0;0;0;crossover;29
0,194424;0;1;0;0;1;0;0;1;0;0;0;1;0;0;0;0;0;0;0;0;1;0;1;0;0;1;0;1;0;0;0;0;0;0;0;0;crossover;30
-0,490985;0;1;0;0;1;0;0;1;0;0;1;0;1;0;0;0;0;0;0;0;0;1;0;0;0;1;0;1;0;0;1;0;0;0;0;0;crossover;30
0,236359;0;1;0;0;1;0;0;1;0;0;1;1;0;0;0;0;0;0;0;0;1;1;0;0;0;1;0;0;0;0;0;0;0;0;0;0;crossover;31
0,213073;0;1;0;0;1;0;0;1;0;0;0;1;0;0;0;0;0;0;0;0;1;0;0;1;1;0;0;0;0;0;0;0;0;0;0;0;crossover;31
0,192379;0;1;0;0;1;0;0;0;0;0;1;1;0;0;0;0;0;0;0;0;1;1;0;0;0;1;0;1;0;0;0;0;0;0;0;0;crossover;31
0,236130;0;1;0;0;1;0;0;1;0;0;1;1;0;0;0;0;0;0;0;0;0;0;1;0;0;1;0;0;0;0;0;0;0;0;0;0;crossover;31
0,232236;0;1;0;0;1;0;0;1;0;0;1;1;0;0;0;0;0;0;0;0;0;1;1;0;0;1;0;0;0;0;0;0;0;0;0;0;crossover;31
0,222648;0;1;0;0;1;0;0;1;0;0;0;0;1;0;0;0;0;0;0;0;1;0;1;0;0;1;0;0;0;0;1;0;0;0;0;0;crossover;32
0,184414;0;1;0;0;0;1;0;1;0;0;1;1;0;0;0;0;0;0;0;0;0;1;0;0;0;1;0;1;0;0;0;0;0;0;0;0;crossover;32
0,251438;0;1;0;0;1;0;0;1;0;0;1;1;0;0;0;0;0;0;0;0;0;0;0;0;0;1;0;0;0;0;0;0;0;0;0;0;crossover;33
0,220401;0;1;0;0;1;0;0;1;0;0;1;1;0;0;0;0;0;0;0;0;1;0;0;0;0;1;0;1;0;0;0;0;0;0;0;0;crossover;34
0,228874;0;1;0;0;1;0;0;1;0;0;1;1;0;0;0;0;0;0;0;0;1;1;0;0;0;1;0;1;0;0;0;0;0;0;0;0;crossover;34
0,233414;0;1;0;0;1;0;0;1;0;0;0;0;0;0;0;0;0;0;0;0;1;0;1;0;0;1;0;0;0;0;0;0;0;0;0;0;crossover;35
-0,491070;0;1;0;0;1;0;0;1;0;0;1;1;1;0;0;0;0;0;0;0;1;0;1;0;0;1;0;0;0;0;1;0;0;0;0;0;crossover;35
-0,906214;0;1;0;0;1;0;0;1;0;0;1;1;0;0;0;0;0;0;0;0;0;0;1;0;0;1;0;1;1;1;0;0;0;0;0;1;crossover;35
-1,183331;0;1;0;0;1;0;0;1;0;0;0;1;0;0;1;0;0;0;0;0;1;0;1;1;0;0;1;0;0;0;0;0;0;0;0;0;diversification;36
0,142352;0;0;0;0;1;0;0;1;0;1;1;1;0;0;0;0;1;0;0;0;0;1;0;0;0;1;0;0;0;0;0;0;0;0;0;0;diversification;36
-0,939730;0;0;0;0;0;0;0;1;0;1;1;0;0;0;0;0;0;0;0;0;0;0;0;0;0;1;0;0;0;0;0;1;0;0;0;0;diversification;36
0,200570;0;1;0;0;1;0;0;0;0;0;1;0;0;0;1;0;0;0;0;0;0;0;1;0;0;1;0;0;0;1;0;0;0;0;0;0;diversification;36
-1,323785;0;0;0;0;0;0;0;1;0;0;0;0;1;0;0;0;0;0;0;0;0;0;1;1;0;1;0;0;0;1;1;0;0;0;0;0;diversification;36
-0,699362;0;1;0;0;0;0;0;1;0;0;1;1;1;0;0;0;0;0;0;0;0;1;0;0;0;1;0;0;0;0;0;0;0;0;0;0;diversification;36
-1,644326;1;1;1;0;1;0;0;1;0;0;1;1;1;1;0;0;0;0;0;0;1;0;1;0;0;1;1;0;0;0;0;0;0;0;0;0;diversification;36
-1,508181;0;1;0;0;0;0;0;1;0;0;1;1;0;0;1;0;0;0;0;0;1;0;1;0;1;1;0;0;0;0;0;0;1;1;0;0;diversification;36
-1,404473;0;1;0;1;1;0;0;1;0;0;1;1;0;0;1;0;0;0;1;1;0;1;0;0;0;1;0;0;0;0;0;0;0;0;0;0;diversification;36
-1,603576;0;1;1;0;1;0;0;1;0;0;0;1;1;0;0;0;0;0;0;0;1;0;0;0;0;1;1;0;0;0;1;0;0;1;0;0;diversification;36
-1,704840;0;1;0;0;0;0;0;1;0;0;1;1;1;0;0;0;0;1;1;0;0;0;0;0;0;1;0;0;0;0;0;0;1;0;0;0;diversification;36
0,231596;0;1;0;0;1;0;0;1;0;0;0;1;0;0;0;0;0;0;0;0;0;0;1;0;0;1;0;0;0;0;0;0;0;0;0;0;diversification;36
0,229014;0;1;0;0;1;0;0;1;0;0;0;1;0;0;0;0;0;0;0;0;1;0;0;0;0;1;0;0;0;0;0;0;0;0;0;0;crossover;37
0,223319;0;1;0;0;1;0;0;1;0;0;1;1;0;0;0;0;0;0;0;0;0;0;0;1;1;0;0;0;0;0;0;0;0;0;0;0;crossover;37
0,227954;0;1;0;0;1;0;0;1;0;0;0;0;1;0;0;0;0;0;0;0;0;1;0;1;1;0;0;0;0;0;0;0;0;0;0;0;crossover;37
0,213661;0;1;0;0;1;0;0;1;0;0;0;1;0;0;0;0;0;0;0;0;0;1;1;0;0;1;0;0;0;0;0;0;0;0;0;0;crossover;37
0,226532;0;1;0;0;1;0;0;1;0;0;1;1;0;0;0;0;0;0;0;0;1;0;0;1;1;0;0;0;0;0;0;0;0;0;0;0;crossover;37
-0,457350;0;1;0;0;1;0;0;1;1;0;0;0;0;0;0;0;0;0;0;0;1;0;1;0;0;1;0;0;0;0;0;0;0;0;0;0;mutation;37
-0,480631;0;1;0;0;1;0;0;1;0;0;1;1;0;0;0;0;0;0;0;0;0;0;1;0;0;1;1;0;0;0;0;0;0;0;0;0;mutation;37
0,209450;0;1;1;0;1;0;0;1;0;0;0;1;1;0;0;0;0;0;0;0;1;0;0;0;0;1;0;1;0;0;0;0;0;0;0;0;crossover;37
-1,580202;0;1;0;0;1;0;0;1;0;0;1;1;0;0;0;0;0;0;0;0;0;0;0;0;0;1;1;0;0;0;1;0;0;1;0;0;crossover;37
0,138846;0;1;0;0;1;0;0;0;0;0;1;1;0;0;0;0;0;0;0;0;1;0;0;1;1;0;0;0;0;0;0;0;0;0;0;0;crossover;38
-0,945410;0;1;0;0;1;0;0;1;0;0;0;1;0;0;0;0;0;0;0;0;1;1;1;0;0;1;0;1;1;1;0;0;0;0;0;1;crossover;38
0,202460;0;1;0;0;0;1;0;1;0;1;0;0;1;0;0;0;1;0;0;0;1;0;0;0;0;1;0;0;0;0;0;0;0;0;0;0;crossover;38
0,180253;0;1;0;0;1;0;0;1;0;0;0;0;0;0;0;0;0;0;0;0;0;0;1;0;0;1;0;0;0;0;0;0;0;0;0;0;crossover;38
0,195993;0;1;0;0;1;0;0;1;0;0;0;1;0;0;0;0;0;0;0;0;0;0;1;0;0;1;0;1;0;0;0;0;0;0;0;0;crossover;39
0,248295;0;1;0;0;1;0;0;1;0;0;1;1;0;0;0;0;0;0;0;0;1;0;0;0;0;1;0;0;0;0;0;0;0;0;0;0;crossover;39
0,197574;0;1;0;0;1;0;0;1;0;0;0;1;0;0;0;0;0;0;0;1;0;0;1;0;0;1;0;0;0;0;0;0;0;0;0;0;mutation;40
0,173843;0;1;1;0;1;0;0;1;0;0;0;1;0;0;0;0;0;0;0;0;0;0;1;0;0;1;0;0;0;0;0;0;0;0;0;0;mutation;40
0,230320;0;1;0;0;1;0;0;1;0;0;0;0;1;0;0;0;0;0;0;0;0;1;1;0;0;1;0;0;0;0;0;0;0;0;0;0;crossover;44
0,207151;0;1;1;0;1;0;0;1;0;0;1;1;0;0;0;0;0;0;0;0;1;1;0;0;0;1;0;0;0;0;0;0;0;0;0;0;crossover;44
0,215452;0;1;0;0;1;0;0;1;0;0;0;1;0;0;0;0;0;0;0;0;0;1;0;0;0;1;0;0;0;0;0;0;0;0;0;0;crossover;45
-0,010296;0;1;0;0;0;0;1;0;0;0;0;0;0;0;0;0;0;0;0;0;0;1;0;0;0;1;0;0;0;0;0;0;0;0;0;0;diversification;46
0,230743;0;1;0;0;1;0;0;1;0;0;0;1;0;0;0;0;1;0;0;0;1;0;0;0;0;0;0;1;0;0;0;0;0;0;0;0;diversification;46
-1,421778;0;1;0;0;1;0;0;1;0;0;1;1;0;0;0;0;1;0;0;1;0;1;1;0;0;0;0;0;0;1;0;0;0;1;0;0;diversification;46
-1,025976;0;0;0;0;1;0;0;1;0;0;0;1;0;0;1;0;0;0;1;0;1;0;1;0;0;1;0;1;0;0;0;0;0;0;0;0;diversification;46
-0,939075;0;1;0;0;1;1;0;1;0;0;0;1;0;0;0;1;0;0;0;1;1;1;1;0;0;1;0;0;0;0;0;0;0;0;0;0;diversification;46
-0,232997;0;0;0;0;0;0;0;1;0;0;1;1;0;0;0;0;0;0;0;0;0;0;1;0;0;0;0;0;0;0;0;0;0;0;0;0;diversification;46
-0,512610;0;1;0;0;0;0;0;1;1;0;1;1;0;0;0;0;0;0;0;0;0;0;0;0;1;1;0;0;1;0;0;0;0;0;0;0;diversification;46
-1,053055;0;0;1;0;0;0;0;1;0;0;1;1;0;0;0;0;1;0;0;0;1;0;0;0;0;1;0;0;0;0;0;0;0;1;0;0;diversification;46
-0,756511;0;1;0;0;0;0;0;1;0;0;0;1;0;0;0;0;0;0;0;0;0;0;0;0;0;1;0;0;0;0;0;0;0;0;1;0;diversification;46
-0,908297;0;1;1;0;1;0;0;1;0;0;0;0;1;0;0;0;0;0;1;0;1;1;1;0;1;1;0;0;0;1;1;0;0;0;0;0;diversification;46
-0,584420;0;0;0;0;1;0;0;0;0;0;1;0;0;0;0;0;0;0;0;0;0;1;0;0;1;0;0;0;0;0;0;1;0;0;0;0;diversification;46
-0,505366;0;1;0;0;1;0;0;1;0;0;1;1;1;0;0;0;1;0;0;0;0;1;0;0;0;1;0;0;0;0;1;0;0;0;0;0;diversification;46
-1,229855;1;1;0;0;1;0;0;0;0;1;1;1;1;0;0;0;0;0;0;0;0;1;0;1;1;0;0;0;1;0;0;0;0;0;0;0;diversification;46
0,199441;0;1;0;0;1;0;0;1;0;0;0;0;0;0;0;0;0;0;0;0;1;0;1;0;0;1;0;0;0;0;1;0;0;0;0;0;crossover;47
0,219670;0;1;0;0;1;0;0;1;0;0;0;1;0;0;0;0;0;0;0;0;1;0;0;0;0;0;0;1;0;0;0;0;0;0;0;0;crossover;48
0,225268;0;1;0;0;1;0;0;1;0;0;0;1;0;0;0;0;1;0;0;0;1;0;0;0;0;1;0;0;0;0;0;0;0;0;0;0;crossover;48
0,219698;0;1;0;0;1;0;0;1;0;0;0;0;1;0;0;0;0;0;0;0;1;0;0;1;1;0;0;0;0;0;0;0;0;0;0;0;crossover;48
0,221024;0;1;0;0;1;0;0;1;0;0;0;1;0;0;0;0;0;0;0;0;1;0;1;0;0;1;0;0;0;0;0;0;0;0;0;0;crossover;50
0,211775;0;1;0;0;1;0;0;1;0;0;1;1;0;0;0;0;1;0;0;0;0;1;1;0;0;1;0;0;0;0;0;0;0;0;0;0;mutation;53
0,243495;0;1;0;0;1;0;0;1;0;0;0;1;0;0;0;0;1;0;0;0;1;0;0;0;0;0;0;0;0;0;0;0;0;0;0;0;crossover;53
0,198243;0;1;0;0;1;0;0;1;0;0;0;1;0;0;0;0;0;0;0;0;0;0;0;0;0;1;0;0;0;0;0;0;0;0;0;0;crossover;54
0,246784;0;1;0;0;1;0;0;1;0;0;1;1;0;0;0;0;1;0;0;0;1;0;0;0;0;0;0;0;0;0;0;0;0;0;0;0;crossover;54
-0,493584;0;1;0;0;1;0;0;1;0;0;0;1;0;0;0;0;1;0;0;0;1;0;0;1;1;0;0;0;0;0;0;0;0;0;0;0;crossover;54
0,279789;0;1;0;0;1;0;0;1;0;0;1;1;0;0;0;0;0;0;0;0;1;0;0;0;0;0;0;0;0;0;0;0;0;0;0;0;crossover;54
0,225632;0;1;0;0;1;0;0;1;0;0;0;0;0;0;0;0;0;0;0;0;0;1;1;0;0;1;0;0;0;0;0;0;0;0;0;0;crossover;55
0,239887;0;1;0;0;1;0;0;1;0;0;0;0;0;0;0;0;0;0;0;0;0;1;0;0;0;1;0;0;0;0;0;0;0;0;0;0;crossover;55
-0,483986;0;1;0;0;1;0;0;1;0;0;1;1;0;0;0;0;0;0;1;0;0;1;0;0;0;1;0;0;0;0;0;0;0;0;0;0;mutation;55
0,210117;0;1;0;0;1;0;0;1;0;0;1;1;0;0;0;0;0;0;0;0;0;1;0;0;0;1;0;0;1;0;0;0;0;0;0;0;mutation;55
0,161021;0;1;0;0;1;0;0;0;0;0;1;1;0;0;0;0;0;0;0;0;0;0;0;0;0;1;0;0;0;0;0;0;0;0;0;0;crossover;58
0,208644;0;1;0;0;1;0;0;1;0;1;1;1;0;0;0;0;0;0;0;0;1;0;1;0;0;1;0;0;0;0;0;0;0;0;0;0;mutation;58
-0,473337;0;1;0;0;1;0;0;1;0;0;1;1;0;1;0;0;0;0;0;0;1;0;1;0;0;1;0;0;0;0;0;0;0;0;0;0;mutation;58
0,246275;0;1;0;0;1;0;0;1;0;0;0;0;1;0;0;0;0;0;0;0;1;0;1;0;0;1;0;0;0;0;0;0;0;0;0;0;crossover;59
0,223948;0;1;0;0;1;0;0;1;0;0;0;0;0;0;0;0;0;0;0;0;1;0;0;0;0;0;0;0;0;0;0;0;0;0;0;0;crossover;61
0,206942;0;1;0;0;1;0;0;1;0;0;0;0;0;0;0;0;0;0;0;0;0;0;0;0;0;1;0;0;0;0;0;0;0;0;0;0;mutation;63
0,235201;0;1;0;0;1;0;0;1;0;0;1;1;0;0;0;0;0;0;0;0;1;0;0;0;1;1;0;0;0;0;0;0;0;0;0;0;mutation;63
0,260076;0;1;0;0;1;0;0;1;0;0;0;0;1;0;0;0;0;0;0;0;0;1;0;0;0;1;0;0;0;0;0;0;0;0;0;0;crossover;63
-0,643516;0;1;1;0;0;0;0;1;0;0;1;1;0;0;0;0;0;0;0;0;0;0;0;1;0;0;0;0;0;0;0;0;0;0;0;1;diversification;65
-0,492789;0;1;0;0;1;0;0;1;1;0;0;1;0;0;1;0;0;0;0;0;0;0;0;0;0;0;0;0;0;0;0;1;0;0;0;0;diversification;65
-0,916101;0;1;0;1;1;0;0;0;0;0;1;0;0;0;0;0;0;0;0;1;1;0;0;0;0;0;0;0;1;0;0;0;0;0;0;0;diversification;65
-1,287559;0;1;0;0;1;1;1;0;0;1;1;1;0;0;0;0;1;0;0;0;1;0;0;0;0;1;0;0;0;0;0;0;0;0;0;0;diversification;65
-0,871547;0;1;0;0;1;0;0;1;0;1;1;0;1;0;0;0;0;1;0;0;1;0;1;0;0;0;0;1;0;0;0;0;0;1;0;0;diversification;65
-1,197664;0;1;0;0;1;1;0;1;0;0;1;1;0;0;0;0;0;0;0;1;1;0;0;1;1;1;0;0;0;0;0;0;0;1;0;0;diversification;65
0,244981;0;1;0;0;1;0;0;1;0;0;1;1;0;0;0;0;0;0;0;0;0;1;0;0;0;0;0;0;0;0;0;0;0;0;0;0;crossover;65
-0,345410;0;0;0;0;0;0;0;0;0;0;0;1;0;0;0;0;0;0;0;0;0;0;1;0;0;1;0;1;0;0;0;0;0;0;0;0;diversification;65
0,165511;0;0;0;0;0;1;0;1;0;0;0;0;1;0;0;0;0;0;0;0;1;1;1;0;0;1;0;0;0;0;0;0;0;0;1;0;diversification;65
0,125562;0;1;0;0;0;0;0;0;1;0;0;0;1;0;0;0;0;0;0;0;0;0;0;0;1;1;0;0;0;0;0;0;0;0;0;0;diversification;65
-1,827875;0;1;0;0;1;0;0;1;0;0;1;1;0;1;0;0;0;0;0;0;1;0;1;0;0;1;1;0;0;1;0;0;1;0;0;0;diversification;65
-1,048586;1;1;0;0;1;0;0;0;1;0;0;1;0;0;0;0;0;0;0;0;1;0;0;0;0;0;0;0;0;0;1;0;0;0;0;0;diversification;65
0,264663;0;1;0;0;1;0;0;1;0;0;0;0;1;0;0;0;0;0;0;0;1;0;0;0;0;0;0;0;0;0;0;0;0;0;0;0;crossover;65
-0,228769;0;0;0;0;0;0;0;1;0;0;0;0;0;0;0;0;0;0;0;0;1;0;1;0;0;1;0;0;0;0;1;0;0;0;0;0;diversification;65
0,210423;0;1;0;0;1;0;0;1;0;0;0;1;0;0;0;0;0;0;0;0;1;1;0;0;0;1;0;1;0;0;0;0;0;0;0;0;crossover;66
0,215577;0;1;0;0;1;0;0;1;0;0;1;1;0;0;0;0;1;0;0;0;0;1;0;0;0;1;0;0;0;0;0;0;0;0;0;0;crossover;67
0,271661;0;1;0;0;1;0;0;1;0;0;0;0;1;0;0;0;0;0;0;0;1;0;0;0;0;1;0;0;0;0;0;0;0;0;0;0;crossover;68
0,236840;0;1;0;0;1;0;0;1;0;0;0;0;1;0;0;0;0;0;0;0;1;1;0;0;0;1;0;0;0;0;0;0;0;0;0;0;crossover;68
0,253979;0;1;0;0;1;0;0;1;0;0;1;1;0;0;0;0;0;0;0;0;1;1;0;0;0;0;0;0;0;0;0;0;0;0;0;0;crossover;69
0,258042;0;1;0;0;1;0;0;1;0;0;0;0;1;0;0;0;0;0;0;0;0;1;1;0;0;0;0;0;0;0;0;0;0;0;0;0;crossover;69
0,225004;0;1;0;0;1;0;0;1;0;0;0;0;1;0;0;0;0;0;0;0;1;0;1;0;0;0;0;0;0;0;0;0;0;0;0;0;crossover;69
0,203585;0;1;0;0;1;0;0;1;0;0;0;0;1;0;0;0;0;0;0;0;1;0;1;0;0;1;0;1;0;0;0;0;0;0;0;0;crossover;70
0,231313;0;1;0;0;1;0;0;1;0;0;1;1;0;0;0;0;0;0;0;0;0;1;1;0;0;0;0;0;0;0;0;0;0;0;0;0;crossover;70
0,269532;0;1;0;0;1;0;0;1;0;0;0;0;1;0;0;0;0;0;0;0;1;1;0;0;0;0;0;0;0;0;0;0;0;0;0;0;crossover;70
0,254346;0;1;0;0;1;0;0;1;0;0;0;0;0;0;0;0;0;0;0;0;0;0;0;0;0;1;0;0;0;0;0;1;0;0;0;0;mutation;70
-0,470803;0;1;0;0;1;0;0;1;0;0;1;1;1;0;0;0;0;0;0;0;1;0;0;0;0;0;0;0;0;0;1;0;0;0;0;0;mutation;70
0,273526;0;1;0;0;1;0;0;1;0;0;1;0;0;0;0;0;0;0;0;0;1;0;0;0;0;0;0;0;0;0;0;0;0;0;0;0;mutation;71
-0,403880;0;1;0;0;1;0;0;1;0;0;1;0;1;0;0;0;0;0;0;0;1;0;0;0;0;0;0;0;0;0;0;0;0;0;0;0;mutation;71
0,259164;0;1;0;0;1;0;0;1;0;0;0;0;0;0;0;0;0;0;0;0;0;1;1;0;0;0;0;0;0;0;0;0;0;0;0;0;crossover;72
0,255962;0;1;0;0;1;0;0;1;0;0;1;0;0;0;0;0;0;0;0;0;1;0;0;0;0;1;0;0;0;0;0;0;0;0;0;0;crossover;72
-0,472034;0;1;0;0;1;0;0;1;0;0;1;1;1;0;0;0;0;0;0;0;0;1;0;0;0;1;0;0;0;0;0;0;0;0;0;0;crossover;73
-1,297168;0;1;0;0;1;1;0;0;1;0;1;0;0;0;0;0;0;0;0;0;0;0;0;0;0;1;0;0;0;0;0;0;0;0;1;0;diversification;75
0,215226;0;1;1;0;1;0;0;1;0;0;1;1;0;0;0;0;0;0;0;0;0;0;0;0;1;0;0;0;0;0;0;0;0;0;0;0;diversification;75
0,186226;0;1;0;0;1;0;0;1;0;0;0;0;0;0;0;0;0;0;0;0;0;0;0;1;0;0;0;0;0;0;0;0;0;0;1;0;diversification;75
-0,059294;0;1;0;0;0;0;0;1;0;0;0;0;0;0;0;0;0;0;0;0;1;0;0;0;0;0;0;0;0;0;0;0;0;0;1;0;diversification;75
0,013855;0;1;1;0;0;0;0;1;0;0;0;0;0;0;0;0;0;0;0;0;1;1;0;0;0;0;0;1;0;0;1;0;0;0;0;0;diversification;75
-1,237015;0;1;0;0;1;0;1;1;0;1;1;1;0;0;0;0;1;0;0;0;1;0;0;0;0;0;0;0;0;1;0;0;0;0;0;1;diversification;75
-0,591422;0;1;0;0;0;0;0;1;0;1;1;1;0;0;0;0;0;0;0;1;1;0;0;0;0;1;0;0;1;0;0;0;0;0;0;0;diversification;75
-0,914671;0;1;0;0;1;0;1;1;0;0;0;0;1;1;0;0;0;0;0;0;1;0;1;0;0;1;0;0;1;0;0;0;0;0;1;0;diversification;75
-1,226561;0;1;1;1;1;0;0;1;1;0;0;1;0;0;0;0;0;0;0;0;1;0;0;0;0;0;0;0;0;0;0;1;0;0;0;0;diversification;75
-0,459276;0;1;0;0;0;1;0;1;0;0;0;0;1;0;1;0;0;1;0;0;1;0;0;0;0;0;0;0;0;0;0;0;0;0;0;0;diversification;75
-0,013694;0;1;0;0;0;0;0;1;0;0;0;1;0;0;0;0;0;0;0;0;0;0;0;0;0;0;0;1;1;0;0;0;0;0;0;0;diversification;75
-0,554225;1;1;1;0;1;0;0;1;0;0;0;1;0;0;0;0;0;0;0;1;1;0;0;0;0;0;0;0;0;0;0;0;0;0;0;0;diversification;75
-0,476799;0;1;0;0;1;0;0;1;0;0;1;0;1;0;0;0;0;1;0;0;1;0;1;0;0;0;0;0;0;0;0;0;0;0;0;1;diversification;75
-1,201393;0;0;1;0;1;0;0;1;0;0;1;1;0;0;0;0;0;0;1;0;1;0;0;0;0;0;0;0;1;0;0;0;0;0;1;0;diversification;75
0,145925;0;1;0;0;1;0;0;0;0;0;1;0;0;0;0;0;1;0;0;0;0;0;1;0;0;0;0;0;0;0;0;0;0;0;0;0;diversification;75
0,251149;0;1;0;0;1;0;0;1;0;0;1;1;0;0;0;0;0;0;0;0;0;0;0;0;1;0;0;0;0;0;0;0;0;0;0;0;crossover;76
0,220145;0;1;1;0;1;0;0;1;0;0;1;1;0;0;0;0;1;0;0;0;1;0;0;0;0;0;0;0;0;0;0;0;0;0;0;0;crossover;76
-0,439470;0;1;0;0;1;0;0;1;0;0;1;1;0;0;0;0;0;0;0;0;0;0;0;0;0;1;0;0;0;0;0;1;0;0;0;0;crossover;76
0,251729;0;1;0;0;1;0;0;1;0;0;0;0;1;0;0;0;0;0;0;0;0;0;0;0;1;0;0;0;0;0;0;0;0;0;0;0;crossover;77
-0,513152;0;1;0;0;1;0;0;1;1;0;1;1;0;0;0;0;0;0;0;0;0;0;0;0;0;1;0;0;0;0;0;0;0;0;0;0;mutation;77
0,248704;0;1;0;0;1;0;0;1;0;0;0;1;1;0;0;0;0;0;0;0;1;0;0;0;0;1;0;0;0;0;0;0;0;0;0;0;mutation;77
0,263733;0;1;0;0;1;0;0;1;0;0;1;0;0;0;0;0;0;0;0;0;0;0;0;0;0;1;0;0;0;0;0;0;0;0;0;0;crossover;78
-0,435194;0;1;0;0;1;0;0;1;0;0;1;0;1;0;0;0;0;0;0;0;1;1;0;0;0;0;0;0;0;0;0;0;0;0;0;0;crossover;79
0,274371;0;1;0;0;1;0;0;1;0;0;0;0;0;0;0;0;0;0;0;0;1;0;0;0;0;1;0;0;0;0;0;0;0;0;0;0;crossover;79
-0,439305;0;1;0;0;1;0;0;1;0;0;0;0;1;0;0;0;0;0;0;0;0;0;0;0;0;1;0;0;0;0;0;1;0;0;0;0;crossover;79
0,246262;0;1;0;0;1;0;0;1;0;0;1;0;0;0;0;0;0;0;0;0;0;1;0;0;0;1;0;0;0;0;0;0;0;0;0;0;crossover;81
0,256432;0;1;0;0;1;0;0;1;0;0;1;0;0;0;0;0;0;0;0;0;1;1;0;0;0;0;0;0;0;0;0;0;0;0;0;0;crossover;82
0,274111;0;1;0;0;1;0;0;1;0;0;0;0;1;0;0;0;0;0;0;0;0;0;0;0;0;1;0;0;0;0;0;0;0;0;0;0;crossover;82
-0,448411;0;1;0;0;1;0;0;1;0;0;1;1;0;0;0;0;0;0;0;0;0;1;0;0;0;1;0;0;0;0;0;1;0;0;0;0;crossover;82
0,228640;0;1;0;0;1;0;0;1;0;0;0;0;0;0;0;0;0;0;0;0;1;1;0;0;0;0;0;0;0;0;0;0;0;0;0;0;crossover;82
0,258644;0;1;0;0;1;0;0;1;0;0;1;0;0;0;0;0;0;0;0;0;1;0;1;0;0;1;0;0;0;0;0;0;0;0;0;0;crossover;83
0,251906;0;1;0;0;1;0;0;1;0;0;0;0;1;0;0;0;0;0;0;0;0;0;0;0;0;0;0;0;0;0;0;0;0;0;0;0;crossover;83
0,250446;0;1;0;0;1;0;0;1;0;0;0;0;1;0;0;0;0;0;0;0;1;0;0;0;0;1;0;0;0;0;0;0;0;0;1;0;mutation;84
0,227924;0;1;0;0;1;0;0;1;0;0;0;0;1;0;0;0;0;0;0;0;1;0;0;0;0;1;0;0;0;1;0;0;0;0;0;0;mutation;84
0,267189;0;1;0;0;1;0;0;1;0;0;0;1;1;0;0;0;0;0;0;0;1;0;0;0;0;0;0;0;0;0;0;0;0;0;0;0;crossover;84
-0,657192;0;0;0;0;1;0;1;1;0;1;1;0;0;0;0;0;0;0;0;0;0;1;0;0;0;0;0;0;0;0;0;0;0;0;0;0;diversification;85
-0,481121;0;1;0;0;1;0;1;1;0;0;0;0;1;1;1;0;0;0;0;0;1;0;0;0;0;0;0;0;0;0;0;0;0;0;0;0;diversification;85
-0,446522;0;1;0;0;1;0;0;1;0;0;0;1;1;0;0;0;0;0;0;0;0;1;0;0;0;0;0;1;0;0;0;0;0;1;0;0;diversification;85
-0,888463;0;1;0;0;1;1;0;1;0;0;0;1;1;0;0;0;0;0;0;0;1;0;0;0;0;1;1;1;0;0;0;0;0;0;0;0;diversification;85
-1,005032;0;1;0;0;0;0;0;1;0;0;0;0;1;1;0;0;0;0;0;1;1;0;0;0;0;1;1;0;0;0;0;1;0;0;0;0;diversification;85
-0,486824;0;1;0;0;1;0;0;0;0;0;1;0;1;0;0;0;0;0;0;0;0;1;0;1;0;0;0;0;0;0;0;0;0;0;0;0;diversification;85
-0,645586;0;0;0;1;1;0;0;1;0;0;1;0;0;0;0;0;0;0;0;0;0;0;0;0;0;0;0;0;0;0;0;0;0;0;1;0;diversification;85
-0,018508;0;1;0;1;0;0;0;0;0;0;0;1;0;0;0;0;0;0;0;0;0;0;0;0;0;0;0;0;0;0;0;0;0;0;0;0;diversification;85
-0,713433;0;0;0;0;1;0;0;1;0;0;0;0;0;1;0;0;0;0;0;0;0;1;0;0;0;1;1;0;0;0;0;0;0;0;0;0;diversification;85
-0,503225;0;0;1;0;1;0;0;1;0;1;0;0;1;0;0;0;0;0;1;0;1;0;0;0;0;1;0;0;0;0;0;0;0;0;1;0;diversification;85
-0,904465;0;1;1;0;1;0;0;1;0;0;0;0;1;1;1;0;0;0;0;0;1;1;0;0;0;0;0;0;0;1;0;1;0;0;0;0;diversification;85
-0,519934;0;1;0;0;1;0;1;1;0;0;1;0;0;0;0;0;1;0;0;0;1;0;0;0;0;0;0;1;0;0;0;0;0;0;0;0;diversification;85
0,048547;0;0;0;0;1;0;0;1;0;0;0;1;0;0;0;0;0;0;0;0;0;0;0;0;0;0;0;0;0;0;1;0;1;0;0;0;diversification;85
-0,021592;0;0;0;0;1;0;0;1;0;0;0;0;0;0;0;0;0;0;0;1;0;0;0;0;0;1;0;0;0;0;0;0;0;0;0;0;diversification;85
0,241874;0;1;0;0;1;0;0;1;0;0;1;0;0;0;0;0;0;0;0;0;0;1;1;0;0;0;0;0;0;0;0;0;0;0;0;0;crossover;86
0,253260;0;1;0;0;1;0;0;1;0;0;0;0;1;1;1;0;0;0;0;0;1;0;0;0;0;0;0;0;0;0;0;0;0;0;0;0;crossover;86
-0,512327;0;1;0;0;1;0;1;1;0;0;1;1;0;0;0;0;0;0;0;0;1;1;0;0;0;0;0;0;0;0;0;0;0;0;0;0;crossover;86
0,250693;0;1;0;0;1;0;0;1;0;0;0;1;1;0;0;0;0;0;0;0;0;1;0;0;0;1;0;0;0;0;0;0;0;0;0;0;crossover;88
0,284626;0;1;0;0;1;0;0;1;0;0;1;1;0;0;0;0;0;0;0;0;0;0;0;0;0;0;0;0;0;0;0;0;0;0;0;0;crossover;93
0,243071;0;1;0;0;1;0;0;1;0;0;0;0;1;0;0;0;0;1;0;0;0;1;0;0;0;1;0;0;0;0;0;0;0;0;0;0;mutation;95
0,238202;0;1;0;0;1;0;0;1;0;0;0;0;0;0;0;0;0;0;0;1;1;0;0;0;0;1;0;0;0;0;0;0;0;0;0;0;mutation;97
0,240332;0;1;0;0;1;0;0;1;0;0;0;0;1;1;0;0;0;0;0;0;1;1;0;0;0;0;0;0;0;0;0;0;0;0;0;0;mutation;97
0,241671;0;1;0;0;1;0;0;1;0;0;1;1;0;0;0;0;0;0;0;0;0;0;1;0;0;0;0;0;0;0;0;0;0;0;0;0;crossover;98
0,261989;0;1;0;0;1;0;0;1;0;0;0;0;1;0;0;0;0;0;0;0;0;1;0;0;0;0;0;0;0;0;0;0;0;0;0;0;crossover;98
0,281486;0;1;0;0;1;0;0;1;0;0;0;1;1;0;0;0;0;0;0;0;0;0;0;0;0;0;0;0;0;0;0;0;0;0;0;0;crossover;99
-0,467864;0;1;0;0;1;0;0;1;0;0;1;1;0;0;0;0;0;0;0;0;1;0;0;0;0;1;0;0;0;0;0;0;0;0;0;1;mutation;100
0,235093;0;1;0;0;1;0;0;1;0;0;0;0;1;0;0;0;0;0;0;0;0;0;0;1;0;0;0;0;0;0;0;0;0;0;0;0;mutation;100
0,251882;0;1;0;0;1;0;0;1;0;0;0;0;1;0;0;0;1;0;0;0;0;1;0;0;0;0;0;0;0;0;0;0;0;0;0;0;mutation;101
-0,448082;0;1;0;0;1;0;0;1;0;0;1;1;0;0;0;0;0;0;0;0;0;1;0;0;0;1;0;0;0;0;0;0;0;1;0;0;mutation;101
0,299345;0;1;0;0;1;0;0;1;0;0;1;0;0;0;0;0;0;0;0;0;0;0;0;0;0;0;0;0;0;0;0;0;0;0;0;0;crossover;103
0,255331;0;1;0;0;1;0;0;1;0;0;0;1;1;0;0;0;0;0;0;0;0;0;0;0;0;1;0;0;0;0;0;0;0;0;0;0;crossover;103
0,280130;0;1;0;0;1;0;0;1;0;0;1;0;0;0;0;0;0;0;0;0;0;1;0;0;0;0;0;0;0;0;0;0;0;0;0;0;crossover;103
0,248515;0;1;0;0;1;0;0;1;0;0;0;0;1;0;0;0;0;0;0;0;0;1;0;0;1;0;0;0;0;0;0;0;0;0;0;0;mutation;104
-0,417617;0;1;0;0;1;0;0;1;0;0;1;0;1;0;0;0;0;0;0;0;1;0;0;0;0;1;0;0;0;0;0;0;0;0;0;0;mutation;104
0,225646;0;1;0;0;1;0;0;1;0;0;0;0;1;0;0;0;0;0;0;0;0;0;0;1;0;1;0;0;0;0;0;0;0;0;0;0;mutation;106
0,235052;0;1;0;0;1;0;0;1;0;0;0;0;0;0;0;0;0;0;0;0;0;0;0;0;0;0;0;0;0;0;0;0;0;0;0;0;crossover;108
0,224856;0;1;0;0;1;0;0;1;0;0;1;0;0;0;0;0;0;0;0;0;0;0;1;0;0;0;0;0;0;0;0;0;0;0;0;0;crossover;109
0,262520;0;1;0;0;1;0;0;1;0;0;0;1;1;0;0;0;0;0;0;0;0;1;0;0;0;0;0;0;0;0;0;0;0;0;0;0;crossover;110
-0,445229;0;1;0;0;1;0;0;1;0;0;1;0;0;0;0;0;0;0;0;0;1;1;0;0;0;0;0;0;0;0;0;1;0;0;0;0;mutation;110
0,239647;0;1;0;0;1;0;0;1;0;0;1;0;0;0;0;0;0;0;0;0;1;1;0;0;0;1;0;0;0;0;0;0;0;0;0;0;crossover;111
0,203228;0;1;0;0;1;0;0;1;0;0;0;0;1;0;0;0;0;0;0;0;0;0;0;0;1;1;0;0;0;0;0;0;0;0;0;0;mutation;111
0,252769;0;1;0;0;1;0;0;1;0;0;1;0;0;0;0;0;0;0;0;0;0;1;0;0;0;0;0;1;0;0;0;0;0;0;0;0;mutation;111
-0,695308;0;0;0;0;1;0;0;1;1;0;0;0;0;0;0;0;0;0;0;1;0;0;0;0;0;0;0;0;0;1;0;0;0;0;0;0;diversification;114
-1,438590;0;1;0;0;1;0;1;1;0;0;1;1;0;0;1;0;0;0;0;0;1;0;0;0;0;0;0;0;0;0;0;1;0;1;0;0;diversification;114
-0,801976;1;0;0;0;0;0;1;0;0;0;0;1;1;0;0;0;0;0;0;0;1;0;0;0;0;0;0;0;0;0;0;0;0;0;0;0;diversification;114
-1,183392;0;1;0;0;1;0;0;1;0;0;1;0;0;1;0;0;1;1;0;1;0;1;0;0;0;0;0;0;0;0;1;0;0;0;0;0;diversification;114
-0,892970;0;1;0;0;1;0;0;1;0;0;1;0;0;0;0;0;1;1;0;0;1;0;1;0;0;0;0;0;0;1;0;1;0;0;0;0;diversification;114
0,057748;0;1;0;0;1;0;0;0;0;0;0;0;0;0;0;0;0;0;0;0;0;0;0;1;0;0;0;0;0;0;0;0;1;0;0;0;diversification;114
-1,249103;0;1;0;0;1;0;1;1;1;0;0;0;0;0;0;0;0;0;0;0;1;0;0;0;0;1;0;0;0;0;1;0;0;0;0;0;diversification;114
-0,745411;0;0;0;0;1;0;0;0;0;0;1;1;0;0;0;0;0;0;0;0;0;0;0;0;0;0;0;0;0;0;0;0;1;0;0;0;diversification;114
0,229369;0;1;0;0;1;0;0;1;0;0;0;0;0;0;0;0;0;0;0;0;0;0;0;1;0;1;0;0;0;0;0;1;0;0;0;1;diversification;114
0,041668;0;1;1;0;0;0;0;1;0;0;1;0;0;0;0;0;0;0;0;0;1;0;0;0;0;1;0;0;0;1;0;0;0;0;0;1;diversification;114
0,179339;0;1;0;0;0;0;0;1;1;0;1;0;0;0;0;0;0;1;0;0;0;0;0;0;0;0;0;0;0;0;1;0;0;0;0;0;diversification;114
0,008850;0;0;0;0;1;0;0;1;0;0;0;0;0;0;0;1;0;0;0;0;0;0;0;1;0;0;0;0;0;0;0;0;0;0;1;0;diversification;114
-0,455009;0;1;0;0;1;0;0;1;0;0;1;0;0;0;0;0;1;1;0;0;1;0;1;0;0;1;0;0;0;0;0;0;0;0;0;0;crossover;115
-0,423818;0;1;0;0;1;0;0;1;0;0;1;0;0;0;0;0;0;0;0;0;0;0;0;0;0;0;0;0;0;1;0;1;0;0;0;0;crossover;115
0,199437;0;1;0;0;1;0;0;1;0;0;0;1;0;0;0;0;0;0;0;0;0;0;0;0;0;0;0;0;0;0;0;0;0;0;0;0;mutation;115
0,170793;0;1;0;0;1;0;0;0;0;0;0;1;1;0;0;0;0;0;0;0;0;1;0;0;0;0;0;0;0;0;0;0;0;0;0;0;mutation;115
0,239461;0;1;0;0;1;0;0;1;0;0;0;1;1;0;0;0;0;0;0;0;1;1;0;0;0;0;0;0;0;0;0;0;0;0;0;0;crossover;116
0,235141;0;1;0;0;1;0;0;1;0;0;0;1;1;0;0;0;0;0;0;0;0;1;1;0;0;0;0;0;0;0;0;0;0;0;0;0;crossover;121
0,235805;0;1;0;0;1;0;0;1;0;0;0;1;1;0;0;0;0;0;0;0;1;0;1;0;0;1;0;0;0;0;0;0;0;0;0;0;crossover;122
-0,074593;0;0;1;0;0;0;0;1;0;0;1;0;0;0;0;0;0;0;0;0;0;0;0;0;0;0;0;1;0;0;0;0;0;0;0;0;diversification;124
-1,174547;0;1;0;0;1;0;0;1;0;0;1;0;1;0;0;0;1;0;0;0;0;0;0;0;0;0;0;0;1;0;1;0;1;0;0;0;diversification;124
-0,195203;0;0;0;0;0;0;0;1;0;1;1;0;0;0;0;0;0;0;0;1;0;0;0;0;0;0;0;0;0;0;0;0;0;0;0;0;diversification;124
-0,636959;0;0;0;1;1;0;0;1;0;0;1;0;0;0;0;1;0;0;0;0;0;0;0;0;0;1;0;0;0;0;0;0;0;0;0;0;diversification;124
-1,149545;0;1;0;0;0;0;0;0;0;0;1;1;0;0;0;0;0;0;0;0;0;0;0;0;0;0;0;0;0;0;0;0;1;1;0;0;diversification;124
0,006469;0;1;0;0;0;0;0;1;0;0;0;1;0;0;0;0;0;1;0;0;1;1;0;0;0;0;0;0;0;0;0;0;0;0;0;0;diversification;124
-0,908276;0;1;0;0;1;0;0;1;0;0;1;0;0;0;0;0;1;0;0;1;0;0;1;0;1;0;0;1;0;0;0;0;0;0;0;0;diversification;124
-0,242705;0;0;0;0;0;0;0;1;0;0;0;1;1;0;0;0;0;0;0;0;0;0;1;0;0;0;0;0;0;0;0;0;0;0;0;0;diversification;124
-0,538636;0;1;0;0;1;0;0;0;0;0;0;1;0;1;0;0;0;0;0;0;0;1;0;0;0;0;0;0;0;0;0;0;0;0;0;0;diversification;124
-1,421855;0;1;0;0;0;0;0;0;0;0;0;1;1;1;0;0;0;0;1;0;0;1;1;0;0;0;0;0;0;0;0;0;0;0;0;0;diversification;124
-0,883065;0;1;0;1;1;0;0;1;0;1;1;1;0;1;0;0;0;0;0;0;0;0;1;0;0;1;0;0;0;0;0;0;0;0;0;0;diversification;124
-0,222881;0;0;0;0;0;0;0;1;0;0;0;0;0;0;0;0;0;1;0;0;1;1;0;0;0;0;0;0;0;0;0;0;0;0;0;0;diversification;124
-0,453892;0;1;0;0;1;0;0;1;0;0;0;0;0;0;0;0;0;0;0;0;0;0;1;0;0;0;0;0;0;0;0;0;0;0;1;1;diversification;124
-0,528002;0;1;0;0;1;0;1;1;0;1;0;0;1;0;0;0;0;0;0;1;0;0;0;1;0;1;0;1;0;0;0;0;0;0;0;0;diversification;124
-0,953664;1;1;1;0;1;0;0;1;0;0;1;0;0;1;0;0;0;1;0;0;0;1;0;0;0;0;0;0;0;1;0;0;0;0;0;0;diversification;124
0,173088;0;0;0;0;1;0;0;1;0;0;0;0;1;0;0;0;0;0;0;0;1;0;0;0;0;0;0;0;0;0;0;0;0;0;0;0;crossover;125
0,055715;0;1;0;0;0;0;0;1;0;1;1;0;0;0;0;0;0;0;0;1;0;0;0;0;0;0;0;0;0;0;0;0;0;0;0;0;crossover;125
-1,423769;0;0;0;0;1;0;0;0;0;0;1;1;1;0;0;0;0;0;0;0;0;1;0;0;0;0;0;0;0;0;0;1;0;0;0;0;diversification;134
-0,718707;0;0;0;0;1;0;0;1;1;0;0;0;0;0;0;0;0;0;1;0;0;1;0;0;0;0;0;0;0;0;0;0;0;0;0;0;diversification;134
-0,705240;0;1;0;0;0;0;0;1;0;0;0;0;0;1;0;0;0;0;1;0;0;0;1;0;0;0;0;0;0;0;0;0;0;0;0;0;diversification;134
-0,557664;0;0;0;0;1;0;0;1;0;0;1;1;0;0;0;0;0;0;1;0;0;0;0;0;0;0;0;0;0;0;0;0;0;0;0;0;diversification;134
-0,561292;1;1;0;0;1;0;0;1;0;0;0;0;0;0;0;0;0;0;0;0;0;0;0;0;0;0;0;0;0;1;0;0;0;0;0;0;diversification;134
0,165476;0;0;0;0;0;1;0;1;0;0;0;0;1;0;0;0;0;0;0;0;0;0;0;0;1;0;0;0;0;1;0;0;0;0;0;0;diversification;134
-1,960394;1;1;0;0;1;1;1;1;0;0;0;1;1;1;0;0;0;0;0;0;1;0;0;0;0;0;0;0;0;0;0;0;0;0;0;0;diversification;134
0,036095;0;1;0;0;0;0;0;1;0;0;1;0;0;0;0;0;1;0;0;0;0;0;0;0;0;0;0;0;0;0;0;0;0;0;1;0;diversification;134
0,092249;0;1;0;0;1;0;0;0;0;0;0;0;1;0;0;0;0;0;0;0;0;0;0;0;0;1;0;0;0;0;0;0;0;0;0;0;diversification;134
-0,037450;0;0;0;0;1;0;0;0;0;0;1;1;0;0;0;0;0;0;0;0;1;0;0;1;0;0;0;0;0;0;0;0;0;0;0;0;diversification;134
-0,513774;0;1;0;0;0;0;1;1;0;0;1;0;0;0;0;0;0;0;0;1;0;0;0;0;0;0;0;0;0;0;0;0;1;0;0;0;diversification;134
-0,490303;0;1;0;1;0;0;0;1;0;0;1;0;1;0;0;0;0;0;0;0;0;0;0;0;0;0;0;0;0;0;0;0;0;0;0;0;diversification;134
-0,459796;0;1;0;0;1;0;0;1;0;0;1;1;1;0;0;0;0;0;0;0;1;0;0;0;0;0;0;0;0;0;0;0;0;0;0;0;crossover;135
0,015575;0;1;0;0;0;0;0;1;0;0;1;0;0;0;0;0;1;0;0;0;0;0;0;0;0;1;0;0;0;0;0;0;0;0;0;0;crossover;135
0,262069;0;1;0;0;1;0;0;1;0;0;0;0;0;0;0;0;0;0;0;0;1;0;0;0;0;0;0;0;0;0;0;0;0;0;1;0;crossover;135
-0,430515;0;1;0;0;1;0;0;1;0;0;1;0;0;0;0;0;0;0;0;0;0;0;0;0;0;1;0;0;0;0;0;1;0;0;0;0;crossover;135
-0,442154;0;1;0;0;1;0;0;1;0;0;1;1;0;0;0;0;0;0;0;0;1;0;0;0;0;0;0;0;0;0;0;0;0;0;1;0;crossover;137
-0,448661;0;1;0;0;1;0;0;1;0;0;1;1;1;0;0;0;0;0;0;0;0;0;0;0;0;1;0;0;0;0;0;0;0;0;0;0;crossover;138
-0,427334;0;1;0;0;1;0;0;1;0;0;0;1;1;0;0;0;0;0;0;0;1;0;0;0;0;0;0;0;0;0;0;0;0;0;1;0;crossover;139
-0,412899;0;1;0;0;1;0;0;1;0;0;1;0;1;0;0;0;0;0;0;0;0;0;0;0;0;1;0;0;0;0;0;0;0;0;0;0;crossover;140
-0,439199;0;1;0;0;1;0;0;1;0;0;0;1;1;0;0;0;0;0;0;0;1;0;0;0;0;0;0;0;0;0;0;0;0;0;0;1;mutation;143
-0,448514;0;1;0;0;1;0;0;1;0;0;0;1;1;0;0;0;0;0;0;0;0;1;0;0;0;0;0;0;0;0;0;1;0;0;0;0;mutation;143
0,234258;0;1;0;0;1;0;0;1;0;0;0;0;0;0;0;0;0;0;0;0;0;1;0;0;0;0;0;0;0;0;0;0;0;0;0;0;crossover;143
-0,574682;0;1;0;0;1;0;0;0;1;0;1;1;0;0;0;0;0;0;0;0;0;0;1;0;0;0;0;1;0;0;0;0;0;0;0;0;diversification;144
-0,048766;0;0;0;0;1;0;0;0;0;1;0;1;0;0;0;0;0;0;0;0;1;0;0;0;0;0;0;0;0;0;0;0;0;0;0;0;diversification;144
-0,556889;0;1;0;0;1;0;0;0;1;1;0;0;0;0;0;0;0;0;0;0;0;0;0;0;0;0;0;1;0;0;0;0;0;0;0;0;diversification;144
-0,011209;0;0;0;0;1;0;0;1;0;0;0;1;0;0;0;0;1;0;0;0;0;0;0;0;0;0;0;0;0;0;1;0;0;0;0;0;diversification;144
-0,731673;1;0;0;0;1;0;0;0;0;0;1;0;0;0;0;0;0;0;0;1;0;0;0;0;0;1;0;0;0;0;0;0;0;0;0;1;diversification;144
0,016148;0;1;0;0;0;0;0;1;0;0;1;1;0;0;0;0;1;0;0;0;0;0;1;0;0;0;0;0;0;0;1;0;0;0;0;0;diversification;144
-1,553857;0;1;0;0;1;0;0;1;1;0;1;1;1;0;0;0;0;0;1;0;1;0;0;1;0;0;0;0;0;0;0;0;0;1;0;0;diversification;144
-1,415627;0;1;0;0;1;0;0;1;0;0;1;0;1;0;0;0;0;0;1;0;0;0;0;1;0;0;0;0;0;0;0;0;1;1;0;0;diversification;144
-0,957555;0;1;0;0;1;0;1;1;0;0;0;0;1;0;0;0;0;0;1;0;0;1;0;0;1;1;0;0;0;0;0;0;0;0;0;0;diversification;144
-0,682842;0;0;0;0;1;1;0;0;0;0;1;0;0;0;0;0;0;0;0;0;1;1;0;0;0;0;0;0;0;0;0;0;0;0;0;0;diversification;144
-1,634418;0;0;0;0;0;0;0;1;0;0;1;1;1;0;0;0;0;0;0;0;0;0;0;0;0;0;0;0;0;1;0;0;0;0;0;1;diversification;144
-1,906091;0;1;0;0;0;0;0;1;0;0;0;1;1;0;0;0;0;0;0;0;0;0;0;1;0;0;0;0;0;1;0;0;0;1;1;0;diversification;144
0,151480;0;1;1;0;0;0;0;0;1;0;1;0;0;0;0;0;0;0;0;0;0;0;0;0;0;0;0;0;0;0;0;0;0;0;0;0;diversification;144
0,244301;0;1;0;0;1;0;0;1;0;0;1;1;0;0;0;0;0;0;0;0;0;0;0;0;0;0;0;1;0;0;0;0;0;0;0;0;crossover;145
-0,560317;0;1;0;0;1;0;0;0;1;1;0;0;0;0;0;0;0;0;0;0;0;1;0;0;0;1;0;0;0;0;0;0;0;0;0;0;crossover;145
0,261272;0;1;0;0;1;0;0;1;0;0;0;0;1;0;0;0;0;0;0;0;0;0;0;0;0;0;0;1;0;0;0;0;0;0;0;0;crossover;146
0,256885;0;1;0;0;1;0;0;1;0;0;0;1;1;0;0;0;0;0;0;0;1;0;0;0;0;0;0;1;0;0;0;0;0;0;0;0;crossover;146
0,219201;0;1;0;0;1;0;0;1;0;0;1;0;0;0;0;0;0;0;0;0;0;1;0;0;0;1;1;0;0;0;0;0;0;0;0;0;mutation;147
0,263610;0;1;0;0;1;0;0;1;0;0;0;0;1;0;0;0;0;0;0;0;0;0;0;0;0;0;1;0;0;0;0;0;0;0;0;0;mutation;147
-0,433476;0;1;0;0;1;0;0;1;0;0;1;1;1;0;0;0;0;0;0;0;0;0;0;0;0;0;0;0;0;0;0;0;0;0;0;0;crossover;149
0,267898;0;1;0;0;1;0;0;1;0;0;0;0;1;0;0;0;0;0;0;0;0;0;0;0;0;1;0;0;0;0;0;0;0;0;1;0;crossover;152
0,251277;0;1;0;0;1;0;0;1;0;0;0;1;0;0;0;0;0;0;0;0;1;0;0;0;0;0;0;0;0;0;0;0;0;0;0;0;crossover;153
0,275072;0;1;0;0;1;0;0;1;0;0;1;0;0;0;0;0;0;0;0;0;0;0;0;0;0;0;1;0;0;0;0;0;0;0;0;0;crossover;153
0,225125;0;1;0;0;1;0;0;1;0;0;0;0;0;0;0;0;0;1;0;0;1;0;0;0;0;0;0;0;0;0;0;0;0;0;0;1;diversification;154
-0,649591;0;1;0;0;1;1;0;0;0;0;0;0;0;0;0;0;0;0;0;0;0;0;0;0;0;0;0;0;0;0;0;1;0;0;0;0;diversification;154
-0,903011;0;0;0;0;0;0;0;1;0;0;0;0;1;1;0;0;1;1;0;0;0;0;0;0;0;0;0;0;0;0;0;0;0;0;0;0;diversification;154
-0,623701;0;0;0;0;1;0;0;0;0;0;1;0;0;1;0;0;0;1;0;1;0;1;0;0;0;0;0;0;0;0;0;0;0;0;0;0;diversification;154
-1,653428;0;1;0;0;1;0;1;1;1;0;0;1;1;1;0;0;0;0;0;0;1;0;0;0;0;1;0;1;0;0;0;0;1;0;0;0;diversification;154
0,126071;0;1;0;0;0;0;0;1;1;0;0;0;0;0;0;0;0;0;0;1;0;0;0;0;0;0;0;0;0;0;0;0;0;0;0;0;diversification;154
0,175059;1;1;0;0;0;0;0;1;0;0;0;0;1;1;0;0;0;0;0;0;0;0;1;0;0;0;0;0;0;0;0;0;0;0;0;0;diversification;154
-0,887409;0;1;0;0;1;0;0;1;0;0;1;0;0;1;0;0;0;0;0;1;1;0;1;0;0;0;0;0;0;0;0;1;0;0;1;0;diversification;154
-0,569678;0;1;0;0;1;0;0;0;0;1;0;0;0;0;0;0;0;0;0;0;1;0;0;0;0;0;1;0;0;0;0;0;0;0;1;0;diversification;154
-1,461715;0;1;0;0;1;1;1;1;0;0;1;0;0;0;0;0;0;0;0;1;0;0;0;0;0;0;0;0;0;0;1;1;0;0;0;0;diversification;154
-1,575909;0;1;0;1;1;0;0;1;0;0;1;0;1;0;0;1;0;0;1;0;1;0;0;0;0;0;1;0;0;0;0;0;0;0;0;0;diversification;154
0,081330;1;1;0;0;0;0;0;0;0;0;0;1;1;0;0;0;0;0;0;0;0;1;0;0;0;0;0;0;0;0;1;0;0;0;0;0;diversification;154
-1,411679;0;1;0;0;1;0;0;1;0;0;1;0;1;0;0;0;0;0;1;0;1;0;0;0;0;0;0;0;1;0;0;0;1;1;0;0;diversification;154
0,226239;0;1;0;0;1;0;0;1;0;0;0;0;1;0;0;0;0;0;0;0;1;0;0;0;0;1;0;0;1;0;0;0;0;0;0;0;mutation;154
-0,442026;0;1;0;0;1;0;0;1;0;0;0;0;0;0;0;0;0;1;0;0;1;0;0;0;0;0;1;0;0;0;0;0;0;0;0;0;crossover;155
0,275780;0;1;0;0;1;0;0;1;0;0;0;0;1;0;0;0;0;0;0;0;0;0;0;0;0;0;0;0;0;0;0;0;0;0;0;1;crossover;155
-0,435285;0;1;0;0;1;0;0;1;0;0;1;1;0;0;0;0;0;0;0;0;0;0;0;0;0;0;1;0;0;0;0;0;0;0;0;0;crossover;155
-0,501308;0;1;0;0;1;1;0;1;0;0;1;0;0;0;0;0;0;0;0;0;0;0;0;0;0;0;0;0;0;0;0;0;0;0;0;0;mutation;156
0,243226;0;1;0;0;1;0;0;1;0;0;0;0;1;0;0;0;0;0;0;0;0;0;0;0;1;1;0;0;0;0;0;0;0;0;1;0;mutation;156
0,144522;0;1;0;0;1;0;0;0;0;0;0;0;0;0;0;0;0;0;0;0;0;0;0;0;0;1;0;0;0;0;0;0;0;0;1;0;mutation;157
-0,494475;0;1;0;1;1;0;0;1;0;0;0;0;1;0;0;0;0;0;0;0;1;0;0;0;0;1;0;0;0;0;0;0;0;0;0;0;mutation;157
-0,481796;0;1;0;0;1;0;0;1;0;0;0;1;1;0;0;0;0;0;0;0;0;1;0;0;0;0;0;0;0;0;0;0;0;0;1;0;crossover;157
0,258965;0;1;0;0;1;0;0;1;0;0;1;0;0;0;0;0;0;0;0;0;0;1;0;0;0;0;0;0;0;0;0;0;0;0;0;1;crossover;158
0,228914;0;1;0;0;1;0;0;1;0;0;0;0;1;0;0;0;0;0;0;0;1;1;0;0;0;0;0;0;0;0;0;0;0;0;0;1;crossover;158
-0,437095;0;1;0;0;1;0;0;1;0;0;0;1;1;0;0;0;0;0;0;0;0;0;0;0;0;1;0;0;0;0;0;0;0;0;1;0;crossover;158
-0,437648;0;1;0;0;1;0;0;1;0;0;1;0;0;0;0;0;0;0;0;0;0;0;0;0;0;0;1;0;0;0;0;0;0;0;0;1;crossover;158
0,272460;0;1;0;0;1;0;0;1;0;0;1;0;0;0;0;0;0;0;0;0;0;0;0;0;0;0;0;0;0;0;0;0;0;0;1;0;crossover;159
0,252908;0;1;0;0;1;0;0;1;0;0;1;0;0;0;0;0;0;0;0;0;0;1;0;0;0;0;0;0;0;0;0;0;0;0;1;0;crossover;160
0,212753;0;1;0;0;1;0;0;1;0;0;0;0;0;0;0;0;0;0;0;0;0;0;0;0;0;0;1;0;0;0;0;0;0;0;0;0;crossover;162
-0,458732;0;1;0;0;1;0;0;1;0;0;0;1;1;0;0;0;0;0;0;0;0;0;0;0;0;0;1;0;0;0;0;0;0;0;0;0;crossover;162
-0,435426;0;1;0;0;1;0;0;1;0;0;1;1;0;0;0;0;0;0;0;0;1;0;0;0;0;0;0;0;0;1;0;0;0;0;0;0;mutation;162
-0,449314;0;1;0;0;1;0;0;1;0;0;1;0;1;0;0;0;0;0;0;0;0;0;0;0;0;1;0;0;0;0;0;0;0;0;1;0;crossover;163
-0,417202;0;1;0;0;1;0;0;1;0;0;0;1;1;0;0;0;0;0;0;0;0;0;0;0;0;0;0;0;0;0;0;0;0;0;1;0;crossover;163
